{"ts": "2026-03-22T04:44:28.119403+00:00", "level": "WARNING", "logger": "poly_screen", "message": "Insufficient liquidity: filled $1000.00 of $2000.00", "module": "slippage", "func": "calculate_vwap", "line": 52}
{"ts": "2026-03-22T04:46:19.618979+00:00", "level": "WARNING", "logger": "poly_screen", "message": "Insufficient liquidity: filled $1000.00 of $2000.00", "module": "slippage", "func": "calculate_vwap", "line": 52}
{"ts": "2026-03-22T04:48:20.772630+00:00", "level": "CRITICAL", "logger": "poly_screen", "message": "CIRCUIT BREAKER [VOLATILITY] TRIPPED: IV spike ratio: 3.5000 > 3.0000", "module": "circuit_breakers", "func": "trip", "line": 100}
{"ts": "2026-03-22T04:48:20.773629+00:00", "level": "CRITICAL", "logger": "poly_screen", "message": "EMERGENCY HALT: VOLATILITY - IV spike ratio: 3.5000 > 3.0000", "module": "circuit_breakers", "func": "_trigger_halt", "line": 170}
{"ts": "2026-03-22T04:48:20.779156+00:00", "level": "WARNING", "logger": "poly_screen", "message": "Circuit breaker [VOLATILITY] reset after cooldown", "module": "circuit_breakers", "func": "reset", "line": 107}
{"ts": "2026-03-22T04:51:26.701106+00:00", "level": "INFO", "logger": "poly_screen", "message": "Risk APPROVED: 3.0% at P=0.65", "module": "risk", "func": "check_order", "line": 186}
{"ts": "2026-03-22T04:51:26.702117+00:00", "level": "WARNING", "logger": "poly_screen", "message": "Risk REJECTED: Liquidity $200 below $500 minimum", "module": "risk", "func": "check_order", "line": 184}
{"ts": "2026-03-22T04:53:33.780321+00:00", "level": "INFO", "logger": "poly_screen", "message": "Backtest started: 100 ticks", "module": "engine", "func": "run", "line": 270}
{"ts": "2026-03-22T04:53:33.803455+00:00", "level": "INFO", "logger": "poly_screen", "message": "Backtest complete: Trades: 53 | Win Rate: 0.0% | PnL: $-36.67 | MaxDD: 0.4% | Sharpe: -6.55", "module": "engine", "func": "run", "line": 290}
{"ts": "2026-03-22T04:53:46.961961+00:00", "level": "INFO", "logger": "poly_screen", "message": "Monte Carlo: starting 10 simulations (100 ticks each)", "module": "monte_carlo", "func": "run", "line": 147}
{"ts": "2026-03-22T04:53:46.965444+00:00", "level": "INFO", "logger": "poly_screen", "message": "Backtest started: 100 ticks", "module": "engine", "func": "run", "line": 270}
{"ts": "2026-03-22T04:53:46.972572+00:00", "level": "INFO", "logger": "poly_screen", "message": "Backtest complete: Trades: 82 | Win Rate: 0.0% | PnL: $-164.25 | MaxDD: 1.6% | Sharpe: -2.98", "module": "engine", "func": "run", "line": 290}
{"ts": "2026-03-22T04:53:46.976136+00:00", "level": "INFO", "logger": "poly_screen", "message": "Backtest started: 100 ticks", "module": "engine", "func": "run", "line": 270}
{"ts": "2026-03-22T04:53:46.987740+00:00", "level": "INFO", "logger": "poly_screen", "message": "Backtest complete: Trades: 67 | Win Rate: 0.0% | PnL: $-45.83 | MaxDD: 0.5% | Sharpe: -3.84", "module": "engine", "func": "run", "line": 290}
{"ts": "2026-03-22T04:53:47.029896+00:00", "level": "INFO", "logger": "poly_screen", "message": "Backtest started: 100 ticks", "module": "engine", "func": "run", "line": 270}
{"ts": "2026-03-22T04:53:47.074530+00:00", "level": "INFO", "logger": "poly_screen", "message": "Backtest complete: Trades: 75 | Win Rate: 0.0% | PnL: $-25.75 | MaxDD: 0.3% | Sharpe: -7.88", "module": "engine", "func": "run", "line": 290}
{"ts": "2026-03-22T04:53:47.088476+00:00", "level": "INFO", "logger": "poly_screen", "message": "Backtest started: 100 ticks", "module": "engine", "func": "run", "line": 270}
{"ts": "2026-03-22T04:53:47.113673+00:00", "level": "INFO", "logger": "poly_screen", "message": "Backtest complete: Trades: 35 | Win Rate: 0.0% | PnL: $-114.60 | MaxDD: 1.1% | Sharpe: -3.63", "module": "engine", "func": "run", "line": 290}
{"ts": "2026-03-22T04:53:47.138091+00:00", "level": "INFO", "logger": "poly_screen", "message": "Backtest started: 100 ticks", "module": "engine", "func": "run", "line": 270}
{"ts": "2026-03-22T04:53:47.164558+00:00", "level": "INFO", "logger": "poly_screen", "message": "Backtest complete: Trades: 64 | Win Rate: 0.0% | PnL: $-67.67 | MaxDD: 0.7% | Sharpe: -2.88", "module": "engine", "func": "run", "line": 290}
{"ts": "2026-03-22T04:53:47.174757+00:00", "level": "INFO", "logger": "poly_screen", "message": "Backtest started: 100 ticks", "module": "engine", "func": "run", "line": 270}
{"ts": "2026-03-22T04:53:47.188075+00:00", "level": "INFO", "logger": "poly_screen", "message": "Backtest complete: Trades: 57 | Win Rate: 0.0% | PnL: $-122.70 | MaxDD: 1.2% | Sharpe: -3.33", "module": "engine", "func": "run", "line": 290}
{"ts": "2026-03-22T04:53:47.199603+00:00", "level": "INFO", "logger": "poly_screen", "message": "Backtest started: 100 ticks", "module": "engine", "func": "run", "line": 270}
{"ts": "2026-03-22T04:53:47.220185+00:00", "level": "INFO", "logger": "poly_screen", "message": "Backtest complete: Trades: 77 | Win Rate: 0.0% | PnL: $-25.77 | MaxDD: 0.3% | Sharpe: -5.83", "module": "engine", "func": "run", "line": 290}
{"ts": "2026-03-22T04:53:47.231567+00:00", "level": "INFO", "logger": "poly_screen", "message": "Backtest started: 100 ticks", "module": "engine", "func": "run", "line": 270}
{"ts": "2026-03-22T04:53:47.261120+00:00", "level": "INFO", "logger": "poly_screen", "message": "Backtest complete: Trades: 19 | Win Rate: 0.0% | PnL: $-5.99 | MaxDD: 0.1% | Sharpe: -6.36", "module": "engine", "func": "run", "line": 290}
{"ts": "2026-03-22T04:53:47.269636+00:00", "level": "INFO", "logger": "poly_screen", "message": "Backtest started: 100 ticks", "module": "engine", "func": "run", "line": 270}
{"ts": "2026-03-22T04:53:47.312151+00:00", "level": "INFO", "logger": "poly_screen", "message": "Backtest complete: Trades: 54 | Win Rate: 0.0% | PnL: $-48.06 | MaxDD: 0.5% | Sharpe: -2.78", "module": "engine", "func": "run", "line": 290}
{"ts": "2026-03-22T04:53:47.325079+00:00", "level": "INFO", "logger": "poly_screen", "message": "Backtest started: 100 ticks", "module": "engine", "func": "run", "line": 270}
{"ts": "2026-03-22T04:53:47.356047+00:00", "level": "INFO", "logger": "poly_screen", "message": "Backtest complete: Trades: 51 | Win Rate: 0.0% | PnL: $-28.83 | MaxDD: 0.3% | Sharpe: -4.65", "module": "engine", "func": "run", "line": 290}
{"ts": "2026-03-22T04:53:47.361620+00:00", "level": "INFO", "logger": "poly_screen", "message": "Monte Carlo complete: Sims: 10 | Mean PnL: $-64.95 | VaR95: $-145.56 | CVaR95: $-164.25 | MaxDD: 1.6% | Ruin: 0.0%", "module": "monte_carlo", "func": "run", "line": 204}
{"ts": "2026-03-22T05:08:07.506692+00:00", "level": "INFO", "logger": "poly_screen", "message": "Parquet Storage started (flush threshold=5)", "module": "storage", "func": "start", "line": 44}
{"ts": "2026-03-22T05:08:07.509191+00:00", "level": "WARNING", "logger": "poly_screen", "message": "EventBus: failed to deliver to queue on [Channel.MARKET_UPDATE]: 'function' object has no attribute 'put'", "module": "event_bus", "func": "publish", "line": 80}
{"ts": "2026-03-22T05:08:07.512708+00:00", "level": "WARNING", "logger": "poly_screen", "message": "EventBus: failed to deliver to queue on [Channel.MARKET_UPDATE]: 'function' object has no attribute 'put'", "module": "event_bus", "func": "publish", "line": 80}
{"ts": "2026-03-22T05:08:07.518362+00:00", "level": "WARNING", "logger": "poly_screen", "message": "EventBus: failed to deliver to queue on [Channel.MARKET_UPDATE]: 'function' object has no attribute 'put'", "module": "event_bus", "func": "publish", "line": 80}
{"ts": "2026-03-22T05:08:07.524024+00:00", "level": "WARNING", "logger": "poly_screen", "message": "EventBus: failed to deliver to queue on [Channel.MARKET_UPDATE]: 'function' object has no attribute 'put'", "module": "event_bus", "func": "publish", "line": 80}
{"ts": "2026-03-22T05:08:07.526949+00:00", "level": "WARNING", "logger": "poly_screen", "message": "EventBus: failed to deliver to queue on [Channel.MARKET_UPDATE]: 'function' object has no attribute 'put'", "module": "event_bus", "func": "publish", "line": 80}
{"ts": "2026-03-22T05:08:07.535999+00:00", "level": "WARNING", "logger": "poly_screen", "message": "EventBus: failed to deliver to queue on [Channel.MARKET_UPDATE]: 'function' object has no attribute 'put'", "module": "event_bus", "func": "publish", "line": 80}
{"ts": "2026-03-22T05:08:08.048527+00:00", "level": "INFO", "logger": "poly_screen", "message": "Parquet Storage stopping \u2014 flushing buffers", "module": "storage", "func": "stop", "line": 49}
{"ts": "2026-03-22T05:08:40.421785+00:00", "level": "INFO", "logger": "poly_screen", "message": "Parquet Storage started (flush threshold=5)", "module": "storage", "func": "start", "line": 44}
{"ts": "2026-03-22T05:08:40.742356+00:00", "level": "INFO", "logger": "poly_screen", "message": "Flushed 5 ticks to BTC-MOCK_20260322_050840_to_050840.parquet", "module": "storage", "func": "_flush", "line": 95}
{"ts": "2026-03-22T05:08:41.257228+00:00", "level": "INFO", "logger": "poly_screen", "message": "Parquet Storage stopping \u2014 flushing buffers", "module": "storage", "func": "stop", "line": 49}
{"ts": "2026-03-22T05:08:41.265413+00:00", "level": "INFO", "logger": "poly_screen", "message": "Flushed 1 ticks to BTC-MOCK_20260322_050840_to_050840.parquet", "module": "storage", "func": "_flush", "line": 95}
{"ts": "2026-03-22T05:10:03.833622+00:00", "level": "INFO", "logger": "poly_screen", "message": "SystemState tracker started", "module": "state", "func": "start", "line": 41}
{"ts": "2026-03-22T05:10:03.840184+00:00", "level": "INFO", "logger": "poly_screen", "message": "Clock: Loaded schedule with 1 sequential markets", "module": "clock", "func": "load_schedule", "line": 37}
{"ts": "2026-03-22T05:10:03.855953+00:00", "level": "INFO", "logger": "poly_screen", "message": "Clock: Background sequencer started", "module": "clock", "func": "start", "line": 43}
{"ts": "2026-03-22T05:10:04.899867+00:00", "level": "INFO", "logger": "poly_screen", "message": "SystemState: Warming up for next market [MKT-1]", "module": "state", "func": "_on_window_rolled", "line": 58}
{"ts": "2026-03-22T05:10:07.964083+00:00", "level": "WARNING", "logger": "poly_screen", "message": "SystemState: Rolled strictly from [None] -> [MKT-1]", "module": "state", "func": "_on_window_rolled", "line": 65}
{"ts": "2026-03-22T05:10:09.020432+00:00", "level": "INFO", "logger": "poly_screen", "message": "Clock: Sequencer stopped", "module": "clock", "func": "stop", "line": 54}
{"ts": "2026-03-22T05:10:09.056212+00:00", "level": "INFO", "logger": "poly_screen", "message": "SystemState tracker stopped", "module": "state", "func": "stop", "line": 45}
{"ts": "2026-03-22T05:12:58.536783+00:00", "level": "INFO", "logger": "poly_screen", "message": "Portfolio Manager started (capital=$1,000.00)", "module": "portfolio", "func": "start", "line": 59}
{"ts": "2026-03-22T05:12:58.537794+00:00", "level": "INFO", "logger": "poly_screen", "message": "Portfolio: Added position MKT-TEST_BUY_YES @ 0.500 ($200)", "module": "portfolio", "func": "_on_trade", "line": 96}
{"ts": "2026-03-22T05:12:58.774575+00:00", "level": "INFO", "logger": "poly_screen", "message": "--- Portfolio Summary ---", "module": "portfolio", "func": "print_summary", "line": 122}
{"ts": "2026-03-22T05:12:58.795687+00:00", "level": "INFO", "logger": "poly_screen", "message": "Cash:   $900.00", "module": "portfolio", "func": "print_summary", "line": 123}
{"ts": "2026-03-22T05:12:58.816522+00:00", "level": "INFO", "logger": "poly_screen", "message": "  MKT-TEST_BUY_YES: entry=0.500 cur=0.600 pnl=$20.00 (20.0%)", "module": "portfolio", "func": "print_summary", "line": 125}
{"ts": "2026-03-22T05:12:58.836430+00:00", "level": "INFO", "logger": "poly_screen", "message": "Equity: $1,020.00 (Total PnL: $20.00)", "module": "portfolio", "func": "print_summary", "line": 126}
{"ts": "2026-03-22T05:13:07.942237+00:00", "level": "INFO", "logger": "poly_screen", "message": "Market Screener started (min_edge=1.0%)", "module": "screener", "func": "start", "line": 35}
{"ts": "2026-03-22T05:13:07.943233+00:00", "level": "WARNING", "logger": "poly_screen", "message": "Screener: Fair value calc failed for MOCK_EDGE: BlackScholes.fair_price() got an unexpected keyword argument 'S'", "module": "screener", "func": "_process_snapshot", "line": 61}
{"ts": "2026-03-22T05:13:31.680247+00:00", "level": "INFO", "logger": "poly_screen", "message": "Market Screener started (min_edge=1.0%)", "module": "screener", "func": "start", "line": 35}
{"ts": "2026-03-22T05:13:31.682251+00:00", "level": "WARNING", "logger": "poly_screen", "message": "EventBus: callback error on [Channel.MARKET_UPDATE]: calculate_kelly() got an unexpected keyword argument 'odds'", "module": "event_bus", "func": "publish", "line": 91}
{"ts": "2026-03-22T05:13:54.174024+00:00", "level": "INFO", "logger": "poly_screen", "message": "Market Screener started (min_edge=1.0%)", "module": "screener", "func": "start", "line": 35}
{"ts": "2026-03-22T05:13:54.176054+00:00", "level": "INFO", "logger": "poly_screen", "message": "Screener SIGNAL: BUY_YES MOCK_EDG... edge=43.5% alloc=4.9%", "module": "screener", "func": "_emit_signal", "line": 102}
{"ts": "2026-03-22T05:17:47.945854+00:00", "level": "INFO", "logger": "poly_screen", "message": "SystemState tracker started", "module": "state", "func": "start", "line": 41}
{"ts": "2026-03-22T05:17:47.947859+00:00", "level": "INFO", "logger": "poly_screen", "message": "Clock: Loaded schedule with 1 sequential markets", "module": "clock", "func": "load_schedule", "line": 37}
{"ts": "2026-03-22T05:17:47.950369+00:00", "level": "INFO", "logger": "poly_screen", "message": "Clock: Background sequencer started", "module": "clock", "func": "start", "line": 43}
{"ts": "2026-03-22T05:17:48.958827+00:00", "level": "INFO", "logger": "poly_screen", "message": "SystemState: Warming up for next market [MKT-1]", "module": "state", "func": "_on_window_rolled", "line": 58}
{"ts": "2026-03-22T05:17:51.997979+00:00", "level": "WARNING", "logger": "poly_screen", "message": "SystemState: Rolled strictly from [None] -> [MKT-1]", "module": "state", "func": "_on_window_rolled", "line": 65}
{"ts": "2026-03-22T05:17:52.985126+00:00", "level": "INFO", "logger": "poly_screen", "message": "Clock: Sequencer stopped", "module": "clock", "func": "stop", "line": 54}
{"ts": "2026-03-22T05:17:52.987049+00:00", "level": "INFO", "logger": "poly_screen", "message": "SystemState tracker stopped", "module": "state", "func": "stop", "line": 45}
{"ts": "2026-03-22T05:17:57.427100+00:00", "level": "INFO", "logger": "poly_screen", "message": "Portfolio Manager started (capital=$1,000.00)", "module": "portfolio", "func": "start", "line": 59}
{"ts": "2026-03-22T05:17:57.429126+00:00", "level": "INFO", "logger": "poly_screen", "message": "Portfolio: Added position MKT-TEST_BUY_YES @ 0.500 ($200)", "module": "portfolio", "func": "_on_trade", "line": 96}
{"ts": "2026-03-22T05:17:57.654958+00:00", "level": "INFO", "logger": "poly_screen", "message": "--- Portfolio Summary ---", "module": "portfolio", "func": "print_summary", "line": 122}
{"ts": "2026-03-22T05:17:57.658117+00:00", "level": "INFO", "logger": "poly_screen", "message": "Cash:   $900.00", "module": "portfolio", "func": "print_summary", "line": 123}
{"ts": "2026-03-22T05:17:57.663658+00:00", "level": "INFO", "logger": "poly_screen", "message": "  MKT-TEST_BUY_YES: entry=0.500 cur=0.600 pnl=$20.00 (20.0%)", "module": "portfolio", "func": "print_summary", "line": 125}
{"ts": "2026-03-22T05:17:57.665707+00:00", "level": "INFO", "logger": "poly_screen", "message": "Equity: $1,020.00 (Total PnL: $20.00)", "module": "portfolio", "func": "print_summary", "line": 126}
{"ts": "2026-03-22T05:17:58.848171+00:00", "level": "INFO", "logger": "poly_screen", "message": "Market Screener started (min_edge=1.0%)", "module": "screener", "func": "start", "line": 35}
{"ts": "2026-03-22T05:17:58.850187+00:00", "level": "INFO", "logger": "poly_screen", "message": "Screener SIGNAL: BUY_YES MOCK_EDG... edge=43.5% alloc=4.9%", "module": "screener", "func": "_emit_signal", "line": 102}
{"ts": "2026-03-22T05:18:00.845765+00:00", "level": "INFO", "logger": "poly_screen", "message": "Parquet Storage started (flush threshold=5)", "module": "storage", "func": "start", "line": 44}
{"ts": "2026-03-22T05:18:00.928157+00:00", "level": "INFO", "logger": "poly_screen", "message": "Flushed 5 ticks to BTC-MOCK_20260322_051800_to_051800.parquet", "module": "storage", "func": "_flush", "line": 95}
{"ts": "2026-03-22T05:18:01.436770+00:00", "level": "INFO", "logger": "poly_screen", "message": "Parquet Storage stopping \u2014 flushing buffers", "module": "storage", "func": "stop", "line": 49}
{"ts": "2026-03-22T05:18:01.445590+00:00", "level": "INFO", "logger": "poly_screen", "message": "Flushed 1 ticks to BTC-MOCK_20260322_051800_to_051800.parquet", "module": "storage", "func": "_flush", "line": 95}
{"ts": "2026-03-22T05:18:02.538564+00:00", "level": "CRITICAL", "logger": "poly_screen", "message": "CIRCUIT BREAKER [VOLATILITY] TRIPPED: IV spike ratio: 3.5000 > 3.0000", "module": "circuit_breakers", "func": "trip", "line": 100}
{"ts": "2026-03-22T05:18:02.540069+00:00", "level": "CRITICAL", "logger": "poly_screen", "message": "EMERGENCY HALT: VOLATILITY - IV spike ratio: 3.5000 > 3.0000", "module": "circuit_breakers", "func": "_trigger_halt", "line": 170}
{"ts": "2026-03-22T05:18:02.543214+00:00", "level": "WARNING", "logger": "poly_screen", "message": "Circuit breaker [VOLATILITY] reset after cooldown", "module": "circuit_breakers", "func": "reset", "line": 107}
{"ts": "2026-03-22T05:18:06.421367+00:00", "level": "WARNING", "logger": "poly_screen", "message": "Insufficient liquidity: filled $1000.00 of $2000.00", "module": "slippage", "func": "calculate_vwap", "line": 52}
{"ts": "2026-03-22T05:18:09.075776+00:00", "level": "INFO", "logger": "poly_screen", "message": "Backtest started: 100 ticks", "module": "engine", "func": "run", "line": 270}
{"ts": "2026-03-22T05:18:09.090016+00:00", "level": "INFO", "logger": "poly_screen", "message": "Backtest complete: Trades: 53 | Win Rate: 0.0% | PnL: $-36.67 | MaxDD: 0.4% | Sharpe: -6.55", "module": "engine", "func": "run", "line": 290}
{"ts": "2026-03-22T05:18:10.034693+00:00", "level": "INFO", "logger": "poly_screen", "message": "Monte Carlo: starting 10 simulations (100 ticks each)", "module": "monte_carlo", "func": "run", "line": 147}
{"ts": "2026-03-22T05:18:10.037690+00:00", "level": "INFO", "logger": "poly_screen", "message": "Backtest started: 100 ticks", "module": "engine", "func": "run", "line": 270}
{"ts": "2026-03-22T05:18:10.046172+00:00", "level": "INFO", "logger": "poly_screen", "message": "Backtest complete: Trades: 82 | Win Rate: 0.0% | PnL: $-164.25 | MaxDD: 1.6% | Sharpe: -2.98", "module": "engine", "func": "run", "line": 290}
{"ts": "2026-03-22T05:18:10.049172+00:00", "level": "INFO", "logger": "poly_screen", "message": "Backtest started: 100 ticks", "module": "engine", "func": "run", "line": 270}
{"ts": "2026-03-22T05:18:10.054044+00:00", "level": "INFO", "logger": "poly_screen", "message": "Backtest complete: Trades: 67 | Win Rate: 0.0% | PnL: $-45.83 | MaxDD: 0.5% | Sharpe: -3.84", "module": "engine", "func": "run", "line": 290}
{"ts": "2026-03-22T05:18:10.056299+00:00", "level": "INFO", "logger": "poly_screen", "message": "Backtest started: 100 ticks", "module": "engine", "func": "run", "line": 270}
{"ts": "2026-03-22T05:18:10.061650+00:00", "level": "INFO", "logger": "poly_screen", "message": "Backtest complete: Trades: 75 | Win Rate: 0.0% | PnL: $-25.75 | MaxDD: 0.3% | Sharpe: -7.88", "module": "engine", "func": "run", "line": 290}
{"ts": "2026-03-22T05:18:10.062651+00:00", "level": "INFO", "logger": "poly_screen", "message": "Backtest started: 100 ticks", "module": "engine", "func": "run", "line": 270}
{"ts": "2026-03-22T05:18:10.068730+00:00", "level": "INFO", "logger": "poly_screen", "message": "Backtest complete: Trades: 35 | Win Rate: 0.0% | PnL: $-114.60 | MaxDD: 1.1% | Sharpe: -3.63", "module": "engine", "func": "run", "line": 290}
{"ts": "2026-03-22T05:18:10.071288+00:00", "level": "INFO", "logger": "poly_screen", "message": "Backtest started: 100 ticks", "module": "engine", "func": "run", "line": 270}
{"ts": "2026-03-22T05:18:10.076363+00:00", "level": "INFO", "logger": "poly_screen", "message": "Backtest complete: Trades: 64 | Win Rate: 0.0% | PnL: $-67.67 | MaxDD: 0.7% | Sharpe: -2.88", "module": "engine", "func": "run", "line": 290}
{"ts": "2026-03-22T05:18:10.078884+00:00", "level": "INFO", "logger": "poly_screen", "message": "Backtest started: 100 ticks", "module": "engine", "func": "run", "line": 270}
{"ts": "2026-03-22T05:18:10.084632+00:00", "level": "INFO", "logger": "poly_screen", "message": "Backtest complete: Trades: 57 | Win Rate: 0.0% | PnL: $-122.70 | MaxDD: 1.2% | Sharpe: -3.33", "module": "engine", "func": "run", "line": 290}
{"ts": "2026-03-22T05:18:10.087920+00:00", "level": "INFO", "logger": "poly_screen", "message": "Backtest started: 100 ticks", "module": "engine", "func": "run", "line": 270}
{"ts": "2026-03-22T05:18:10.092062+00:00", "level": "INFO", "logger": "poly_screen", "message": "Backtest complete: Trades: 77 | Win Rate: 0.0% | PnL: $-25.77 | MaxDD: 0.3% | Sharpe: -5.83", "module": "engine", "func": "run", "line": 290}
{"ts": "2026-03-22T05:18:10.094568+00:00", "level": "INFO", "logger": "poly_screen", "message": "Backtest started: 100 ticks", "module": "engine", "func": "run", "line": 270}
{"ts": "2026-03-22T05:18:10.098626+00:00", "level": "INFO", "logger": "poly_screen", "message": "Backtest complete: Trades: 19 | Win Rate: 0.0% | PnL: $-5.99 | MaxDD: 0.1% | Sharpe: -6.36", "module": "engine", "func": "run", "line": 290}
{"ts": "2026-03-22T05:18:10.101340+00:00", "level": "INFO", "logger": "poly_screen", "message": "Backtest started: 100 ticks", "module": "engine", "func": "run", "line": 270}
{"ts": "2026-03-22T05:18:10.105355+00:00", "level": "INFO", "logger": "poly_screen", "message": "Backtest complete: Trades: 54 | Win Rate: 0.0% | PnL: $-48.06 | MaxDD: 0.5% | Sharpe: -2.78", "module": "engine", "func": "run", "line": 290}
{"ts": "2026-03-22T05:18:10.108145+00:00", "level": "INFO", "logger": "poly_screen", "message": "Backtest started: 100 ticks", "module": "engine", "func": "run", "line": 270}
{"ts": "2026-03-22T05:18:10.112659+00:00", "level": "INFO", "logger": "poly_screen", "message": "Backtest complete: Trades: 51 | Win Rate: 0.0% | PnL: $-28.83 | MaxDD: 0.3% | Sharpe: -4.65", "module": "engine", "func": "run", "line": 290}
{"ts": "2026-03-22T05:18:10.115699+00:00", "level": "INFO", "logger": "poly_screen", "message": "Monte Carlo complete: Sims: 10 | Mean PnL: $-64.95 | VaR95: $-145.56 | CVaR95: $-164.25 | MaxDD: 1.6% | Ruin: 0.0%", "module": "monte_carlo", "func": "run", "line": 204}
{"ts": "2026-03-22T05:18:19.288600+00:00", "level": "INFO", "logger": "poly_screen", "message": "[bold yellow]Starting Backend Smoke Test...[/]", "module": "smoke_test", "func": "smoke_test", "line": 9}
{"ts": "2026-03-22T05:18:19.294882+00:00", "level": "INFO", "logger": "poly_screen", "message": "Config loaded: [cyan]v0.2.0[/]", "module": "smoke_test", "func": "smoke_test", "line": 14}
{"ts": "2026-03-22T05:24:15.873535+00:00", "level": "CRITICAL", "logger": "poly_screen", "message": "CIRCUIT BREAKER [VOLATILITY] TRIPPED: IV spike ratio: 3.5000 > 3.0000", "module": "circuit_breakers", "func": "trip", "line": 100}
{"ts": "2026-03-22T05:24:15.874841+00:00", "level": "CRITICAL", "logger": "poly_screen", "message": "EMERGENCY HALT: VOLATILITY - IV spike ratio: 3.5000 > 3.0000", "module": "circuit_breakers", "func": "_trigger_halt", "line": 170}
{"ts": "2026-03-22T05:24:15.875385+00:00", "level": "WARNING", "logger": "poly_screen", "message": "Circuit breaker [VOLATILITY] reset after cooldown", "module": "circuit_breakers", "func": "reset", "line": 107}
{"ts": "2026-03-22T05:24:20.750471+00:00", "level": "WARNING", "logger": "poly_screen", "message": "Insufficient liquidity: filled $1000.00 of $2000.00", "module": "slippage", "func": "calculate_vwap", "line": 52}
{"ts": "2026-03-22T05:24:25.485303+00:00", "level": "INFO", "logger": "poly_screen", "message": "Backtest started: 100 ticks", "module": "engine", "func": "run", "line": 270}
{"ts": "2026-03-22T05:24:25.488834+00:00", "level": "INFO", "logger": "poly_screen", "message": "Backtest complete: Trades: 53 | Win Rate: 0.0% | PnL: $-36.67 | MaxDD: 0.4% | Sharpe: -6.55", "module": "engine", "func": "run", "line": 290}
{"ts": "2026-03-22T05:24:26.798951+00:00", "level": "INFO", "logger": "poly_screen", "message": "Monte Carlo: starting 10 simulations (100 ticks each)", "module": "monte_carlo", "func": "run", "line": 147}
{"ts": "2026-03-22T05:24:26.800996+00:00", "level": "INFO", "logger": "poly_screen", "message": "Backtest started: 100 ticks", "module": "engine", "func": "run", "line": 270}
{"ts": "2026-03-22T05:24:26.805682+00:00", "level": "INFO", "logger": "poly_screen", "message": "Backtest complete: Trades: 82 | Win Rate: 0.0% | PnL: $-164.25 | MaxDD: 1.6% | Sharpe: -2.98", "module": "engine", "func": "run", "line": 290}
{"ts": "2026-03-22T05:24:26.806441+00:00", "level": "INFO", "logger": "poly_screen", "message": "Backtest started: 100 ticks", "module": "engine", "func": "run", "line": 270}
{"ts": "2026-03-22T05:24:26.810329+00:00", "level": "INFO", "logger": "poly_screen", "message": "Backtest complete: Trades: 67 | Win Rate: 0.0% | PnL: $-45.83 | MaxDD: 0.5% | Sharpe: -3.84", "module": "engine", "func": "run", "line": 290}
{"ts": "2026-03-22T05:24:26.811003+00:00", "level": "INFO", "logger": "poly_screen", "message": "Backtest started: 100 ticks", "module": "engine", "func": "run", "line": 270}
{"ts": "2026-03-22T05:24:26.814543+00:00", "level": "INFO", "logger": "poly_screen", "message": "Backtest complete: Trades: 75 | Win Rate: 0.0% | PnL: $-25.75 | MaxDD: 0.3% | Sharpe: -7.88", "module": "engine", "func": "run", "line": 290}
{"ts": "2026-03-22T05:24:26.815626+00:00", "level": "INFO", "logger": "poly_screen", "message": "Backtest started: 100 ticks", "module": "engine", "func": "run", "line": 270}
{"ts": "2026-03-22T05:24:26.818810+00:00", "level": "INFO", "logger": "poly_screen", "message": "Backtest complete: Trades: 35 | Win Rate: 0.0% | PnL: $-114.60 | MaxDD: 1.1% | Sharpe: -3.63", "module": "engine", "func": "run", "line": 290}
{"ts": "2026-03-22T05:24:26.819604+00:00", "level": "INFO", "logger": "poly_screen", "message": "Backtest started: 100 ticks", "module": "engine", "func": "run", "line": 270}
{"ts": "2026-03-22T05:24:26.823659+00:00", "level": "INFO", "logger": "poly_screen", "message": "Backtest complete: Trades: 64 | Win Rate: 0.0% | PnL: $-67.67 | MaxDD: 0.7% | Sharpe: -2.88", "module": "engine", "func": "run", "line": 290}
{"ts": "2026-03-22T05:24:26.824384+00:00", "level": "INFO", "logger": "poly_screen", "message": "Backtest started: 100 ticks", "module": "engine", "func": "run", "line": 270}
{"ts": "2026-03-22T05:24:26.827921+00:00", "level": "INFO", "logger": "poly_screen", "message": "Backtest complete: Trades: 57 | Win Rate: 0.0% | PnL: $-122.70 | MaxDD: 1.2% | Sharpe: -3.33", "module": "engine", "func": "run", "line": 290}
{"ts": "2026-03-22T05:24:26.828946+00:00", "level": "INFO", "logger": "poly_screen", "message": "Backtest started: 100 ticks", "module": "engine", "func": "run", "line": 270}
{"ts": "2026-03-22T05:24:26.832736+00:00", "level": "INFO", "logger": "poly_screen", "message": "Backtest complete: Trades: 77 | Win Rate: 0.0% | PnL: $-25.77 | MaxDD: 0.3% | Sharpe: -5.83", "module": "engine", "func": "run", "line": 290}
{"ts": "2026-03-22T05:24:26.833936+00:00", "level": "INFO", "logger": "poly_screen", "message": "Backtest started: 100 ticks", "module": "engine", "func": "run", "line": 270}
{"ts": "2026-03-22T05:24:26.839047+00:00", "level": "INFO", "logger": "poly_screen", "message": "Backtest complete: Trades: 19 | Win Rate: 0.0% | PnL: $-5.99 | MaxDD: 0.1% | Sharpe: -6.36", "module": "engine", "func": "run", "line": 290}
{"ts": "2026-03-22T05:24:26.840215+00:00", "level": "INFO", "logger": "poly_screen", "message": "Backtest started: 100 ticks", "module": "engine", "func": "run", "line": 270}
{"ts": "2026-03-22T05:24:26.844239+00:00", "level": "INFO", "logger": "poly_screen", "message": "Backtest complete: Trades: 54 | Win Rate: 0.0% | PnL: $-48.06 | MaxDD: 0.5% | Sharpe: -2.78", "module": "engine", "func": "run", "line": 290}
{"ts": "2026-03-22T05:24:26.845370+00:00", "level": "INFO", "logger": "poly_screen", "message": "Backtest started: 100 ticks", "module": "engine", "func": "run", "line": 270}
{"ts": "2026-03-22T05:24:26.849207+00:00", "level": "INFO", "logger": "poly_screen", "message": "Backtest complete: Trades: 51 | Win Rate: 0.0% | PnL: $-28.83 | MaxDD: 0.3% | Sharpe: -4.65", "module": "engine", "func": "run", "line": 290}
{"ts": "2026-03-22T05:24:26.850992+00:00", "level": "INFO", "logger": "poly_screen", "message": "Monte Carlo complete: Sims: 10 | Mean PnL: $-64.95 | VaR95: $-145.56 | CVaR95: $-164.25 | MaxDD: 1.6% | Ruin: 0.0%", "module": "monte_carlo", "func": "run", "line": 204}
{"ts": "2026-03-22T05:24:36.562261+00:00", "level": "INFO", "logger": "poly_screen", "message": "[bold yellow]Starting Backend Smoke Test...[/]", "module": "smoke_test", "func": "smoke_test", "line": 9}
{"ts": "2026-03-22T05:24:36.567926+00:00", "level": "INFO", "logger": "poly_screen", "message": "Config loaded: [cyan]v0.2.0[/]", "module": "smoke_test", "func": "smoke_test", "line": 14}
{"ts": "2026-03-22T05:24:38.786487+00:00", "level": "INFO", "logger": "poly_screen", "message": "Starting POLY/SCREEN Engine...", "module": "main", "func": "startup_event", "line": 25}
{"ts": "2026-03-22T05:26:30.400617+00:00", "level": "INFO", "logger": "poly_screen", "message": "Starting POLY/SCREEN Engine...", "module": "main", "func": "startup_event", "line": 25}
{"ts": "2026-03-22T05:26:32.643739+00:00", "level": "INFO", "logger": "poly_screen", "message": "Starting POLY/SCREEN Engine...", "module": "main", "func": "startup_event", "line": 25}
{"ts": "2026-03-22T05:26:54.744627+00:00", "level": "INFO", "logger": "poly_screen", "message": "Starting POLY/SCREEN Engine...", "module": "main", "func": "startup_event", "line": 25}
{"ts": "2026-03-22T09:27:15.832926+00:00", "level": "INFO", "logger": "poly_screen", "message": "WebSocket client connected. Total clients: 1", "module": "ws_bridge", "func": "connect", "line": 20}
{"ts": "2026-03-22T09:27:15.835882+00:00", "level": "INFO", "logger": "poly_screen", "message": "WebSocket client disconnected. Total clients: 0", "module": "ws_bridge", "func": "disconnect", "line": 25}
{"ts": "2026-03-22T09:27:15.842612+00:00", "level": "INFO", "logger": "poly_screen", "message": "WebSocket client connected. Total clients: 1", "module": "ws_bridge", "func": "connect", "line": 20}
{"ts": "2026-03-22T09:27:15.844623+00:00", "level": "INFO", "logger": "poly_screen", "message": "UI requested deep observation on market: MKT-123", "module": "ws_bridge", "func": "websocket_endpoint", "line": 73}
{"ts": "2026-03-22T09:27:16.348410+00:00", "level": "INFO", "logger": "poly_screen", "message": "WebSocket client disconnected. Total clients: 0", "module": "ws_bridge", "func": "disconnect", "line": 25}
{"ts": "2026-03-22T09:51:03.199157+00:00", "level": "INFO", "logger": "poly_screen", "message": "WebSocket client connected. Total clients: 1", "module": "ws_bridge", "func": "connect", "line": 20}
{"ts": "2026-03-22T09:51:03.200790+00:00", "level": "INFO", "logger": "poly_screen", "message": "WebSocket client disconnected. Total clients: 0", "module": "ws_bridge", "func": "disconnect", "line": 25}
{"ts": "2026-03-22T09:51:03.208094+00:00", "level": "INFO", "logger": "poly_screen", "message": "WebSocket client connected. Total clients: 1", "module": "ws_bridge", "func": "connect", "line": 20}
{"ts": "2026-03-22T09:51:03.210106+00:00", "level": "INFO", "logger": "poly_screen", "message": "UI requested deep observation on market: MKT-123", "module": "ws_bridge", "func": "websocket_endpoint", "line": 73}
{"ts": "2026-03-22T09:51:03.724081+00:00", "level": "INFO", "logger": "poly_screen", "message": "WebSocket client disconnected. Total clients: 0", "module": "ws_bridge", "func": "disconnect", "line": 25}
{"ts": "2026-03-22T10:02:52.177367+00:00", "level": "WARNING", "logger": "poly_screen", "message": "Insufficient liquidity: filled $1000.00 of $2000.00", "module": "slippage", "func": "calculate_vwap", "line": 52}
{"ts": "2026-03-22T10:02:52.763297+00:00", "level": "CRITICAL", "logger": "poly_screen", "message": "CIRCUIT BREAKER [VOLATILITY] TRIPPED: IV spike ratio: 3.5000 > 3.0000", "module": "circuit_breakers", "func": "trip", "line": 100}
{"ts": "2026-03-22T10:02:52.764393+00:00", "level": "CRITICAL", "logger": "poly_screen", "message": "EMERGENCY HALT: VOLATILITY - IV spike ratio: 3.5000 > 3.0000", "module": "circuit_breakers", "func": "_trigger_halt", "line": 170}
{"ts": "2026-03-22T10:02:52.765392+00:00", "level": "WARNING", "logger": "poly_screen", "message": "Circuit breaker [VOLATILITY] reset after cooldown", "module": "circuit_breakers", "func": "reset", "line": 107}
{"ts": "2026-03-22T10:02:54.167540+00:00", "level": "INFO", "logger": "poly_screen", "message": "SystemState tracker started", "module": "state", "func": "start", "line": 41}
{"ts": "2026-03-22T10:02:54.168541+00:00", "level": "INFO", "logger": "poly_screen", "message": "Clock: Loaded schedule with 1 sequential markets", "module": "clock", "func": "load_schedule", "line": 38}
{"ts": "2026-03-22T10:02:54.169547+00:00", "level": "INFO", "logger": "poly_screen", "message": "Clock: Background sequencer started", "module": "clock", "func": "start", "line": 44}
{"ts": "2026-03-22T10:02:55.182838+00:00", "level": "INFO", "logger": "poly_screen", "message": "SystemState: Warming up for next market [MKT-1]", "module": "state", "func": "_on_window_rolled", "line": 58}
{"ts": "2026-03-22T10:02:58.225200+00:00", "level": "WARNING", "logger": "poly_screen", "message": "SystemState: Rolled strictly from [None] -> [MKT-1]", "module": "state", "func": "_on_window_rolled", "line": 65}
{"ts": "2026-03-22T10:02:59.211173+00:00", "level": "INFO", "logger": "poly_screen", "message": "Clock: Sequencer stopped", "module": "clock", "func": "stop", "line": 55}
{"ts": "2026-03-22T10:02:59.212165+00:00", "level": "INFO", "logger": "poly_screen", "message": "SystemState tracker stopped", "module": "state", "func": "stop", "line": 45}
{"ts": "2026-03-22T10:03:01.069633+00:00", "level": "INFO", "logger": "poly_screen", "message": "Portfolio Manager started (capital=$1,000.00)", "module": "portfolio", "func": "start", "line": 59}
{"ts": "2026-03-22T10:03:01.071787+00:00", "level": "INFO", "logger": "poly_screen", "message": "Portfolio: Added position MKT-TEST_BUY_YES @ 0.500 ($200)", "module": "portfolio", "func": "_on_trade", "line": 96}
{"ts": "2026-03-22T10:03:01.289704+00:00", "level": "INFO", "logger": "poly_screen", "message": "--- Portfolio Summary ---", "module": "portfolio", "func": "print_summary", "line": 122}
{"ts": "2026-03-22T10:03:01.290712+00:00", "level": "INFO", "logger": "poly_screen", "message": "Cash:   $900.00", "module": "portfolio", "func": "print_summary", "line": 123}
{"ts": "2026-03-22T10:03:01.292291+00:00", "level": "INFO", "logger": "poly_screen", "message": "  MKT-TEST_BUY_YES: entry=0.500 cur=0.600 pnl=$20.00 (20.0%)", "module": "portfolio", "func": "print_summary", "line": 125}
{"ts": "2026-03-22T10:03:01.293296+00:00", "level": "INFO", "logger": "poly_screen", "message": "Equity: $1,020.00 (Total PnL: $20.00)", "module": "portfolio", "func": "print_summary", "line": 126}
{"ts": "2026-03-22T10:03:02.179659+00:00", "level": "INFO", "logger": "poly_screen", "message": "Backtest started: 100 ticks", "module": "engine", "func": "run", "line": 270}
{"ts": "2026-03-22T10:03:02.187795+00:00", "level": "INFO", "logger": "poly_screen", "message": "Backtest complete: Trades: 53 | Win Rate: 0.0% | PnL: $-36.67 | MaxDD: 0.4% | Sharpe: -6.55", "module": "engine", "func": "run", "line": 290}
{"ts": "2026-03-22T10:03:03.115353+00:00", "level": "INFO", "logger": "poly_screen", "message": "Monte Carlo: starting 10 simulations (100 ticks each)", "module": "monte_carlo", "func": "run", "line": 147}
{"ts": "2026-03-22T10:03:03.118169+00:00", "level": "INFO", "logger": "poly_screen", "message": "Backtest started: 100 ticks", "module": "engine", "func": "run", "line": 270}
{"ts": "2026-03-22T10:03:03.122892+00:00", "level": "INFO", "logger": "poly_screen", "message": "Backtest complete: Trades: 82 | Win Rate: 0.0% | PnL: $-164.25 | MaxDD: 1.6% | Sharpe: -2.98", "module": "engine", "func": "run", "line": 290}
{"ts": "2026-03-22T10:03:03.125309+00:00", "level": "INFO", "logger": "poly_screen", "message": "Backtest started: 100 ticks", "module": "engine", "func": "run", "line": 270}
{"ts": "2026-03-22T10:03:03.129327+00:00", "level": "INFO", "logger": "poly_screen", "message": "Backtest complete: Trades: 67 | Win Rate: 0.0% | PnL: $-45.83 | MaxDD: 0.5% | Sharpe: -3.84", "module": "engine", "func": "run", "line": 290}
{"ts": "2026-03-22T10:03:03.132278+00:00", "level": "INFO", "logger": "poly_screen", "message": "Backtest started: 100 ticks", "module": "engine", "func": "run", "line": 270}
{"ts": "2026-03-22T10:03:03.137050+00:00", "level": "INFO", "logger": "poly_screen", "message": "Backtest complete: Trades: 75 | Win Rate: 0.0% | PnL: $-25.75 | MaxDD: 0.3% | Sharpe: -7.88", "module": "engine", "func": "run", "line": 290}
{"ts": "2026-03-22T10:03:03.138968+00:00", "level": "INFO", "logger": "poly_screen", "message": "Backtest started: 100 ticks", "module": "engine", "func": "run", "line": 270}
{"ts": "2026-03-22T10:03:03.143508+00:00", "level": "INFO", "logger": "poly_screen", "message": "Backtest complete: Trades: 35 | Win Rate: 0.0% | PnL: $-114.60 | MaxDD: 1.1% | Sharpe: -3.63", "module": "engine", "func": "run", "line": 290}
{"ts": "2026-03-22T10:03:03.145510+00:00", "level": "INFO", "logger": "poly_screen", "message": "Backtest started: 100 ticks", "module": "engine", "func": "run", "line": 270}
{"ts": "2026-03-22T10:03:03.152582+00:00", "level": "INFO", "logger": "poly_screen", "message": "Backtest complete: Trades: 64 | Win Rate: 0.0% | PnL: $-67.67 | MaxDD: 0.7% | Sharpe: -2.88", "module": "engine", "func": "run", "line": 290}
{"ts": "2026-03-22T10:03:03.154594+00:00", "level": "INFO", "logger": "poly_screen", "message": "Backtest started: 100 ticks", "module": "engine", "func": "run", "line": 270}
{"ts": "2026-03-22T10:03:03.158593+00:00", "level": "INFO", "logger": "poly_screen", "message": "Backtest complete: Trades: 57 | Win Rate: 0.0% | PnL: $-122.70 | MaxDD: 1.2% | Sharpe: -3.33", "module": "engine", "func": "run", "line": 290}
{"ts": "2026-03-22T10:03:03.159593+00:00", "level": "INFO", "logger": "poly_screen", "message": "Backtest started: 100 ticks", "module": "engine", "func": "run", "line": 270}
{"ts": "2026-03-22T10:03:03.164427+00:00", "level": "INFO", "logger": "poly_screen", "message": "Backtest complete: Trades: 77 | Win Rate: 0.0% | PnL: $-25.77 | MaxDD: 0.3% | Sharpe: -5.83", "module": "engine", "func": "run", "line": 290}
{"ts": "2026-03-22T10:03:03.165442+00:00", "level": "INFO", "logger": "poly_screen", "message": "Backtest started: 100 ticks", "module": "engine", "func": "run", "line": 270}
{"ts": "2026-03-22T10:03:03.171956+00:00", "level": "INFO", "logger": "poly_screen", "message": "Backtest complete: Trades: 19 | Win Rate: 0.0% | PnL: $-5.99 | MaxDD: 0.1% | Sharpe: -6.36", "module": "engine", "func": "run", "line": 290}
{"ts": "2026-03-22T10:03:03.174963+00:00", "level": "INFO", "logger": "poly_screen", "message": "Backtest started: 100 ticks", "module": "engine", "func": "run", "line": 270}
{"ts": "2026-03-22T10:03:03.180301+00:00", "level": "INFO", "logger": "poly_screen", "message": "Backtest complete: Trades: 54 | Win Rate: 0.0% | PnL: $-48.06 | MaxDD: 0.5% | Sharpe: -2.78", "module": "engine", "func": "run", "line": 290}
{"ts": "2026-03-22T10:03:03.182305+00:00", "level": "INFO", "logger": "poly_screen", "message": "Backtest started: 100 ticks", "module": "engine", "func": "run", "line": 270}
{"ts": "2026-03-22T10:03:03.185812+00:00", "level": "INFO", "logger": "poly_screen", "message": "Backtest complete: Trades: 51 | Win Rate: 0.0% | PnL: $-28.83 | MaxDD: 0.3% | Sharpe: -4.65", "module": "engine", "func": "run", "line": 290}
{"ts": "2026-03-22T10:03:03.190818+00:00", "level": "INFO", "logger": "poly_screen", "message": "Monte Carlo complete: Sims: 10 | Mean PnL: $-64.95 | VaR95: $-145.56 | CVaR95: $-164.25 | MaxDD: 1.6% | Ruin: 0.0%", "module": "monte_carlo", "func": "run", "line": 204}
{"ts": "2026-03-22T10:07:04.524236+00:00", "level": "WARNING", "logger": "poly_screen", "message": "Insufficient liquidity: filled $1000.00 of $2000.00", "module": "slippage", "func": "calculate_vwap", "line": 52}
{"ts": "2026-03-22T10:19:00.686908+00:00", "level": "INFO", "logger": "poly_screen", "message": "ShadowBroker: Bookmarked BUY TEST-MKT-001 @ 0.5500 ($100.00)", "module": "shadow_broker", "func": "execute_trade", "line": 124}
{"ts": "2026-03-22T10:19:02.710073+00:00", "level": "INFO", "logger": "poly_screen", "message": "ShadowBroker: Fill resolved \u2014 Intended=0.5500, Actual=0.5500, Drift=0.0bps [OK]", "module": "shadow_broker", "func": "execute_trade", "line": 146}
{"ts": "2026-03-22T10:23:18.483110+00:00", "level": "WARNING", "logger": "poly_screen", "message": "Insufficient liquidity: filled $100.00 of $500.00", "module": "slippage", "func": "calculate_vwap", "line": 52}
{"ts": "2026-03-22T10:33:14.386483+00:00", "level": "INFO", "logger": "poly_screen", "message": "[bold yellow]Starting Backend Smoke Test...[/]", "module": "smoke_test", "func": "smoke_test", "line": 9}
{"ts": "2026-03-22T10:33:14.391487+00:00", "level": "INFO", "logger": "poly_screen", "message": "Config loaded: [cyan]v0.2.0[/]", "module": "smoke_test", "func": "smoke_test", "line": 14}
{"ts": "2026-03-22T10:33:14.392553+00:00", "level": "INFO", "logger": "poly_screen", "message": "Snap Check: [green]10:30 - 10:45[/]", "module": "smoke_test", "func": "smoke_test", "line": 21}
{"ts": "2026-03-22T10:33:14.393063+00:00", "level": "INFO", "logger": "poly_screen", "message": "Type Check: [bold cyan]Signal Ready[/] - Edge: 0.045", "module": "smoke_test", "func": "smoke_test", "line": 33}
{"ts": "2026-03-22T10:33:14.394383+00:00", "level": "INFO", "logger": "poly_screen", "message": "[bold green]SMOKE TEST PASSED[/]", "module": "smoke_test", "func": "smoke_test", "line": 35}
{"ts": "2026-03-22T10:39:43.323763+00:00", "level": "INFO", "logger": "poly_screen", "message": "ReconciliationService: State is consistent \u2713", "module": "reconciliation", "func": "check_once", "line": 141}
{"ts": "2026-03-22T10:39:46.345556+00:00", "level": "INFO", "logger": "poly_screen", "message": "AuditDaemon: Started (batch=10, flush_interval=5.0s)", "module": "audit", "func": "start", "line": 60}
{"ts": "2026-03-22T10:39:48.356469+00:00", "level": "INFO", "logger": "poly_screen", "message": "AuditDaemon: Stopped. Total events flushed: 2", "module": "audit", "func": "stop", "line": 85}
{"ts": "2026-03-22T10:56:34.057763+00:00", "level": "INFO", "logger": "poly_screen", "message": "Starting Live Feed Verification Test...", "module": "test_live_data", "func": "test_live_feeds", "line": 8}
{"ts": "2026-03-22T10:56:52.598360+00:00", "level": "INFO", "logger": "poly_screen", "message": "Starting Live Feed Verification Test...", "module": "test_live_data", "func": "test_live_feeds", "line": 8}
{"ts": "2026-03-22T10:56:52.599366+00:00", "level": "INFO", "logger": "poly_screen", "message": "Aggregator: registered [BinanceWS]", "module": "feed_aggregator", "func": "register", "line": 54}
{"ts": "2026-03-22T10:56:52.600965+00:00", "level": "INFO", "logger": "poly_screen", "message": "Aggregator: registered [DeribitWS]", "module": "feed_aggregator", "func": "register", "line": 54}
{"ts": "2026-03-22T10:56:52.602480+00:00", "level": "INFO", "logger": "poly_screen", "message": "BinanceWS: Connecting to wss://stream.binance.com:9443/ws", "module": "data_feed", "func": "connect", "line": 172}
{"ts": "2026-03-22T10:56:52.654847+00:00", "level": "INFO", "logger": "poly_screen", "message": "DeribitWS: Connecting to wss://www.deribit.com/ws/api/v2", "module": "data_feed", "func": "connect", "line": 272}
{"ts": "2026-03-22T10:56:52.658846+00:00", "level": "ERROR", "logger": "poly_screen", "message": "DeribitWS Error: [Errno 11001] getaddrinfo failed", "module": "data_feed", "func": "connect", "line": 312}
{"ts": "2026-03-22T10:56:53.115983+00:00", "level": "INFO", "logger": "poly_screen", "message": "BinanceWS: Connected", "module": "data_feed", "func": "connect", "line": 176}
{"ts": "2026-03-22T10:56:54.605356+00:00", "level": "INFO", "logger": "poly_screen", "message": "BinanceWS: Subscribed to ['btcusdt@kline_1m', 'ethusdt@kline_1m']", "module": "data_feed", "func": "subscribe", "line": 165}
{"ts": "2026-03-22T10:56:54.606355+00:00", "level": "INFO", "logger": "poly_screen", "message": "Monitoring feeds for 10 seconds...", "module": "test_live_data", "func": "test_live_feeds", "line": 29}
{"ts": "2026-03-22T10:57:15.630959+00:00", "level": "INFO", "logger": "poly_screen", "message": "Starting Live Feed Verification Test...", "module": "test_live_data", "func": "test_live_feeds", "line": 8}
{"ts": "2026-03-22T10:57:15.632967+00:00", "level": "INFO", "logger": "poly_screen", "message": "Aggregator: registered [BinanceWS]", "module": "feed_aggregator", "func": "register", "line": 54}
{"ts": "2026-03-22T10:57:15.633468+00:00", "level": "INFO", "logger": "poly_screen", "message": "Aggregator: registered [DeribitWS]", "module": "feed_aggregator", "func": "register", "line": 54}
{"ts": "2026-03-22T10:57:15.634478+00:00", "level": "INFO", "logger": "poly_screen", "message": "BinanceWS: Connecting to wss://stream.binance.com:9443/ws", "module": "data_feed", "func": "connect", "line": 172}
{"ts": "2026-03-22T10:57:15.651631+00:00", "level": "INFO", "logger": "poly_screen", "message": "DeribitWS: Connecting to wss://www.deribit.com/ws/api/v2", "module": "data_feed", "func": "connect", "line": 273}
{"ts": "2026-03-22T10:57:16.118565+00:00", "level": "INFO", "logger": "poly_screen", "message": "BinanceWS: Connected", "module": "data_feed", "func": "connect", "line": 176}
{"ts": "2026-03-22T10:57:16.853460+00:00", "level": "INFO", "logger": "poly_screen", "message": "DeribitWS: Connected & Subscribed", "module": "data_feed", "func": "connect", "line": 296}
{"ts": "2026-03-22T10:57:17.410272+00:00", "level": "ERROR", "logger": "poly_screen", "message": "DeribitWS Error: 'value'", "module": "data_feed", "func": "connect", "line": 314}
{"ts": "2026-03-22T10:57:17.639718+00:00", "level": "INFO", "logger": "poly_screen", "message": "BinanceWS: Subscribed to ['btcusdt@kline_1m', 'ethusdt@kline_1m']", "module": "data_feed", "func": "subscribe", "line": 165}
{"ts": "2026-03-22T10:57:17.641219+00:00", "level": "INFO", "logger": "poly_screen", "message": "Monitoring feeds for 10 seconds...", "module": "test_live_data", "func": "test_live_feeds", "line": 29}
{"ts": "2026-03-22T10:57:39.422336+00:00", "level": "INFO", "logger": "poly_screen", "message": "Starting Live Feed Verification Test...", "module": "test_live_data", "func": "test_live_feeds", "line": 8}
{"ts": "2026-03-22T10:57:39.423344+00:00", "level": "INFO", "logger": "poly_screen", "message": "Aggregator: registered [BinanceWS]", "module": "feed_aggregator", "func": "register", "line": 54}
{"ts": "2026-03-22T10:57:39.423838+00:00", "level": "INFO", "logger": "poly_screen", "message": "Aggregator: registered [DeribitWS]", "module": "feed_aggregator", "func": "register", "line": 54}
{"ts": "2026-03-22T10:57:39.424337+00:00", "level": "INFO", "logger": "poly_screen", "message": "Waiting for connections...", "module": "test_live_data", "func": "test_live_feeds", "line": 25}
{"ts": "2026-03-22T10:57:39.425846+00:00", "level": "INFO", "logger": "poly_screen", "message": "BinanceWS: Connecting to wss://stream.binance.com:9443/ws", "module": "data_feed", "func": "connect", "line": 172}
{"ts": "2026-03-22T10:57:39.444842+00:00", "level": "INFO", "logger": "poly_screen", "message": "DeribitWS: Connecting to wss://www.deribit.com/ws/api/v2", "module": "data_feed", "func": "connect", "line": 273}
{"ts": "2026-03-22T10:57:39.895804+00:00", "level": "INFO", "logger": "poly_screen", "message": "BinanceWS: Connected", "module": "data_feed", "func": "connect", "line": 176}
{"ts": "2026-03-22T10:57:40.298289+00:00", "level": "INFO", "logger": "poly_screen", "message": "DeribitWS: Connected & Subscribed", "module": "data_feed", "func": "connect", "line": 296}
{"ts": "2026-03-22T10:57:44.423959+00:00", "level": "INFO", "logger": "poly_screen", "message": "BinanceWS: Subscribed to ['btcusdt@kline_1m', 'ethusdt@kline_1m']", "module": "data_feed", "func": "subscribe", "line": 165}
{"ts": "2026-03-22T10:57:44.425560+00:00", "level": "INFO", "logger": "poly_screen", "message": "Monitoring feeds for 10 seconds...", "module": "test_live_data", "func": "test_live_feeds", "line": 33}
{"ts": "2026-03-22T10:57:56.337529+00:00", "level": "INFO", "logger": "poly_screen", "message": "Starting Live Feed Verification Test...", "module": "test_live_data", "func": "test_live_feeds", "line": 8}
{"ts": "2026-03-22T10:57:56.338529+00:00", "level": "INFO", "logger": "poly_screen", "message": "Aggregator: registered [BinanceWS]", "module": "feed_aggregator", "func": "register", "line": 55}
{"ts": "2026-03-22T10:57:56.339529+00:00", "level": "INFO", "logger": "poly_screen", "message": "Aggregator: registered [DeribitWS]", "module": "feed_aggregator", "func": "register", "line": 55}
{"ts": "2026-03-22T10:57:56.339529+00:00", "level": "INFO", "logger": "poly_screen", "message": "Waiting for connections...", "module": "test_live_data", "func": "test_live_feeds", "line": 25}
{"ts": "2026-03-22T10:57:56.341037+00:00", "level": "INFO", "logger": "poly_screen", "message": "BinanceWS: Connecting to wss://stream.binance.com:9443/ws", "module": "data_feed", "func": "connect", "line": 172}
{"ts": "2026-03-22T10:57:56.359591+00:00", "level": "INFO", "logger": "poly_screen", "message": "DeribitWS: Connecting to wss://www.deribit.com/ws/api/v2", "module": "data_feed", "func": "connect", "line": 273}
{"ts": "2026-03-22T10:57:56.776377+00:00", "level": "INFO", "logger": "poly_screen", "message": "BinanceWS: Connected", "module": "data_feed", "func": "connect", "line": 176}
{"ts": "2026-03-22T10:57:57.215146+00:00", "level": "INFO", "logger": "poly_screen", "message": "DeribitWS: Connected & Subscribed", "module": "data_feed", "func": "connect", "line": 296}
{"ts": "2026-03-22T10:58:01.332269+00:00", "level": "INFO", "logger": "poly_screen", "message": "BinanceWS: Subscribed to ['btcusdt@kline_1m', 'ethusdt@kline_1m']", "module": "data_feed", "func": "subscribe", "line": 165}
{"ts": "2026-03-22T10:58:01.333779+00:00", "level": "INFO", "logger": "poly_screen", "message": "Monitoring feeds for 10 seconds...", "module": "test_live_data", "func": "test_live_feeds", "line": 33}
{"ts": "2026-03-22T10:58:01.341882+00:00", "level": "INFO", "logger": "poly_screen", "message": "Snapshot [BTC]: Price=None, Vol=None", "module": "test_live_data", "func": "test_live_feeds", "line": 37}
{"ts": "2026-03-22T10:58:01.344074+00:00", "level": "INFO", "logger": "poly_screen", "message": "Clients: BinanceWS=True, DeribitWS=True", "module": "test_live_data", "func": "test_live_feeds", "line": 38}
{"ts": "2026-03-22T10:58:04.363545+00:00", "level": "INFO", "logger": "poly_screen", "message": "Snapshot [BTC]: Price=None, Vol=None", "module": "test_live_data", "func": "test_live_feeds", "line": 37}
{"ts": "2026-03-22T10:58:04.366010+00:00", "level": "INFO", "logger": "poly_screen", "message": "Clients: BinanceWS=True, DeribitWS=True", "module": "test_live_data", "func": "test_live_feeds", "line": 38}
{"ts": "2026-03-22T10:58:07.378927+00:00", "level": "INFO", "logger": "poly_screen", "message": "Snapshot [BTC]: Price=None, Vol=None", "module": "test_live_data", "func": "test_live_feeds", "line": 37}
{"ts": "2026-03-22T10:58:07.379418+00:00", "level": "INFO", "logger": "poly_screen", "message": "Clients: BinanceWS=True, DeribitWS=True", "module": "test_live_data", "func": "test_live_feeds", "line": 38}
{"ts": "2026-03-22T10:58:10.383864+00:00", "level": "INFO", "logger": "poly_screen", "message": "Snapshot [BTC]: Price=None, Vol=None", "module": "test_live_data", "func": "test_live_feeds", "line": 37}
{"ts": "2026-03-22T10:58:10.384864+00:00", "level": "INFO", "logger": "poly_screen", "message": "Clients: BinanceWS=True, DeribitWS=True", "module": "test_live_data", "func": "test_live_feeds", "line": 38}
{"ts": "2026-03-22T10:58:13.389884+00:00", "level": "INFO", "logger": "poly_screen", "message": "Snapshot [BTC]: Price=None, Vol=None", "module": "test_live_data", "func": "test_live_feeds", "line": 37}
{"ts": "2026-03-22T10:58:13.390962+00:00", "level": "INFO", "logger": "poly_screen", "message": "Clients: BinanceWS=True, DeribitWS=True", "module": "test_live_data", "func": "test_live_feeds", "line": 38}
{"ts": "2026-03-22T10:58:15.615692+00:00", "level": "INFO", "logger": "poly_screen", "message": "Starting Live Feed Verification Test...", "module": "test_live_data", "func": "test_live_feeds", "line": 8}
{"ts": "2026-03-22T10:58:15.616685+00:00", "level": "INFO", "logger": "poly_screen", "message": "Aggregator: registered [BinanceWS]", "module": "feed_aggregator", "func": "register", "line": 55}
{"ts": "2026-03-22T10:58:15.617686+00:00", "level": "INFO", "logger": "poly_screen", "message": "Aggregator: registered [DeribitWS]", "module": "feed_aggregator", "func": "register", "line": 55}
{"ts": "2026-03-22T10:58:15.618185+00:00", "level": "INFO", "logger": "poly_screen", "message": "Waiting for connections...", "module": "test_live_data", "func": "test_live_feeds", "line": 25}
{"ts": "2026-03-22T10:58:15.619186+00:00", "level": "INFO", "logger": "poly_screen", "message": "BinanceWS: Connecting to wss://stream.binance.com:9443/ws", "module": "data_feed", "func": "connect", "line": 172}
{"ts": "2026-03-22T10:58:15.637627+00:00", "level": "INFO", "logger": "poly_screen", "message": "DeribitWS: Connecting to wss://www.deribit.com/ws/api/v2", "module": "data_feed", "func": "connect", "line": 273}
{"ts": "2026-03-22T10:58:16.084710+00:00", "level": "INFO", "logger": "poly_screen", "message": "BinanceWS: Connected", "module": "data_feed", "func": "connect", "line": 176}
{"ts": "2026-03-22T10:58:16.396740+00:00", "level": "INFO", "logger": "poly_screen", "message": "Verification Test Complete.", "module": "test_live_data", "func": "test_live_feeds", "line": 47}
{"ts": "2026-03-22T10:58:16.572364+00:00", "level": "INFO", "logger": "poly_screen", "message": "DeribitWS: Connected & Subscribed", "module": "data_feed", "func": "connect", "line": 296}
{"ts": "2026-03-22T10:58:20.613931+00:00", "level": "INFO", "logger": "poly_screen", "message": "BinanceWS: Subscribed to ['btcusdt@kline_1m', 'ethusdt@kline_1m']", "module": "data_feed", "func": "subscribe", "line": 165}
{"ts": "2026-03-22T10:58:20.614432+00:00", "level": "INFO", "logger": "poly_screen", "message": "Monitoring feeds for 10 seconds...", "module": "test_live_data", "func": "test_live_feeds", "line": 33}
{"ts": "2026-03-22T10:58:20.623029+00:00", "level": "INFO", "logger": "poly_screen", "message": "Snapshot [BTC]: Price=None, Vol=None", "module": "test_live_data", "func": "test_live_feeds", "line": 37}
{"ts": "2026-03-22T10:58:20.625530+00:00", "level": "INFO", "logger": "poly_screen", "message": "Clients: BinanceWS=True, DeribitWS=True", "module": "test_live_data", "func": "test_live_feeds", "line": 38}
{"ts": "2026-03-22T10:58:23.634206+00:00", "level": "INFO", "logger": "poly_screen", "message": "Snapshot [BTC]: Price=None, Vol=None", "module": "test_live_data", "func": "test_live_feeds", "line": 37}
{"ts": "2026-03-22T10:58:23.634707+00:00", "level": "INFO", "logger": "poly_screen", "message": "Clients: BinanceWS=True, DeribitWS=True", "module": "test_live_data", "func": "test_live_feeds", "line": 38}
{"ts": "2026-03-22T10:58:26.639821+00:00", "level": "INFO", "logger": "poly_screen", "message": "Snapshot [BTC]: Price=None, Vol=None", "module": "test_live_data", "func": "test_live_feeds", "line": 37}
{"ts": "2026-03-22T10:58:26.641874+00:00", "level": "INFO", "logger": "poly_screen", "message": "Clients: BinanceWS=True, DeribitWS=True", "module": "test_live_data", "func": "test_live_feeds", "line": 38}
{"ts": "2026-03-22T10:58:29.658876+00:00", "level": "INFO", "logger": "poly_screen", "message": "Snapshot [BTC]: Price=None, Vol=None", "module": "test_live_data", "func": "test_live_feeds", "line": 37}
{"ts": "2026-03-22T10:58:29.660375+00:00", "level": "INFO", "logger": "poly_screen", "message": "Clients: BinanceWS=True, DeribitWS=True", "module": "test_live_data", "func": "test_live_feeds", "line": 38}
{"ts": "2026-03-22T10:58:32.497442+00:00", "level": "INFO", "logger": "poly_screen", "message": "Starting Live Feed Verification Test...", "module": "test_live_data", "func": "test_live_feeds", "line": 8}
{"ts": "2026-03-22T10:58:32.498395+00:00", "level": "INFO", "logger": "poly_screen", "message": "Aggregator: registered [BinanceWS]", "module": "feed_aggregator", "func": "register", "line": 55}
{"ts": "2026-03-22T10:58:32.498395+00:00", "level": "INFO", "logger": "poly_screen", "message": "Aggregator: registered [DeribitWS]", "module": "feed_aggregator", "func": "register", "line": 55}
{"ts": "2026-03-22T10:58:32.499903+00:00", "level": "INFO", "logger": "poly_screen", "message": "Waiting for connections...", "module": "test_live_data", "func": "test_live_feeds", "line": 25}
{"ts": "2026-03-22T10:58:32.500922+00:00", "level": "INFO", "logger": "poly_screen", "message": "BinanceWS: Connecting to wss://stream.binance.com:9443/ws", "module": "data_feed", "func": "connect", "line": 172}
{"ts": "2026-03-22T10:58:32.521040+00:00", "level": "INFO", "logger": "poly_screen", "message": "DeribitWS: Connecting to wss://www.deribit.com/ws/api/v2", "module": "data_feed", "func": "connect", "line": 273}
{"ts": "2026-03-22T10:58:32.663610+00:00", "level": "INFO", "logger": "poly_screen", "message": "Snapshot [BTC]: Price=None, Vol=None", "module": "test_live_data", "func": "test_live_feeds", "line": 37}
{"ts": "2026-03-22T10:58:32.665617+00:00", "level": "INFO", "logger": "poly_screen", "message": "Clients: BinanceWS=True, DeribitWS=True", "module": "test_live_data", "func": "test_live_feeds", "line": 38}
{"ts": "2026-03-22T10:58:32.989744+00:00", "level": "INFO", "logger": "poly_screen", "message": "BinanceWS: Connected", "module": "data_feed", "func": "connect", "line": 176}
{"ts": "2026-03-22T10:58:33.470962+00:00", "level": "INFO", "logger": "poly_screen", "message": "DeribitWS: Connected & Subscribed", "module": "data_feed", "func": "connect", "line": 296}
{"ts": "2026-03-22T10:58:35.677790+00:00", "level": "INFO", "logger": "poly_screen", "message": "Verification Test Complete.", "module": "test_live_data", "func": "test_live_feeds", "line": 47}
{"ts": "2026-03-22T10:58:37.522174+00:00", "level": "INFO", "logger": "poly_screen", "message": "BinanceWS: Subscribed to ['btcusdt@kline_1m', 'ethusdt@kline_1m']", "module": "data_feed", "func": "subscribe", "line": 165}
{"ts": "2026-03-22T10:58:37.523695+00:00", "level": "INFO", "logger": "poly_screen", "message": "Monitoring feeds for 10 seconds...", "module": "test_live_data", "func": "test_live_feeds", "line": 33}
{"ts": "2026-03-22T10:58:37.532744+00:00", "level": "INFO", "logger": "poly_screen", "message": "Snapshot [BTC]: Price=None, Vol=None", "module": "test_live_data", "func": "test_live_feeds", "line": 37}
{"ts": "2026-03-22T10:58:37.535835+00:00", "level": "INFO", "logger": "poly_screen", "message": "Clients: BinanceWS=True, DeribitWS=True", "module": "test_live_data", "func": "test_live_feeds", "line": 38}
{"ts": "2026-03-22T10:58:40.550905+00:00", "level": "INFO", "logger": "poly_screen", "message": "Snapshot [BTC]: Price=None, Vol=None", "module": "test_live_data", "func": "test_live_feeds", "line": 37}
{"ts": "2026-03-22T10:58:40.551954+00:00", "level": "INFO", "logger": "poly_screen", "message": "Clients: BinanceWS=True, DeribitWS=True", "module": "test_live_data", "func": "test_live_feeds", "line": 38}
{"ts": "2026-03-22T10:58:43.550073+00:00", "level": "INFO", "logger": "poly_screen", "message": "Snapshot [BTC]: Price=None, Vol=None", "module": "test_live_data", "func": "test_live_feeds", "line": 37}
{"ts": "2026-03-22T10:58:43.550572+00:00", "level": "INFO", "logger": "poly_screen", "message": "Clients: BinanceWS=True, DeribitWS=True", "module": "test_live_data", "func": "test_live_feeds", "line": 38}
{"ts": "2026-03-22T10:58:46.565154+00:00", "level": "INFO", "logger": "poly_screen", "message": "Snapshot [BTC]: Price=None, Vol=None", "module": "test_live_data", "func": "test_live_feeds", "line": 37}
{"ts": "2026-03-22T10:58:46.566144+00:00", "level": "INFO", "logger": "poly_screen", "message": "Clients: BinanceWS=True, DeribitWS=True", "module": "test_live_data", "func": "test_live_feeds", "line": 38}
{"ts": "2026-03-22T10:58:49.584290+00:00", "level": "INFO", "logger": "poly_screen", "message": "Snapshot [BTC]: Price=None, Vol=None", "module": "test_live_data", "func": "test_live_feeds", "line": 37}
{"ts": "2026-03-22T10:58:49.585798+00:00", "level": "INFO", "logger": "poly_screen", "message": "Clients: BinanceWS=True, DeribitWS=True", "module": "test_live_data", "func": "test_live_feeds", "line": 38}
{"ts": "2026-03-22T10:58:51.799347+00:00", "level": "INFO", "logger": "poly_screen", "message": "Starting Live Feed Verification Test...", "module": "test_live_data", "func": "test_live_feeds", "line": 8}
{"ts": "2026-03-22T10:58:51.800696+00:00", "level": "INFO", "logger": "poly_screen", "message": "Aggregator: registered [BinanceWS]", "module": "feed_aggregator", "func": "register", "line": 55}
{"ts": "2026-03-22T10:58:51.801711+00:00", "level": "INFO", "logger": "poly_screen", "message": "Aggregator: registered [DeribitWS]", "module": "feed_aggregator", "func": "register", "line": 55}
{"ts": "2026-03-22T10:58:51.802216+00:00", "level": "INFO", "logger": "poly_screen", "message": "Waiting for connections...", "module": "test_live_data", "func": "test_live_feeds", "line": 25}
{"ts": "2026-03-22T10:58:51.803216+00:00", "level": "INFO", "logger": "poly_screen", "message": "BinanceWS: Connecting to wss://stream.binance.com:9443/ws", "module": "data_feed", "func": "connect", "line": 172}
{"ts": "2026-03-22T10:58:51.820251+00:00", "level": "INFO", "logger": "poly_screen", "message": "DeribitWS: Connecting to wss://www.deribit.com/ws/api/v2", "module": "data_feed", "func": "connect", "line": 273}
{"ts": "2026-03-22T10:58:52.275564+00:00", "level": "INFO", "logger": "poly_screen", "message": "BinanceWS: Connected", "module": "data_feed", "func": "connect", "line": 176}
{"ts": "2026-03-22T10:58:52.584450+00:00", "level": "INFO", "logger": "poly_screen", "message": "Verification Test Complete.", "module": "test_live_data", "func": "test_live_feeds", "line": 47}
{"ts": "2026-03-22T10:58:52.684764+00:00", "level": "INFO", "logger": "poly_screen", "message": "DeribitWS: Connected & Subscribed", "module": "data_feed", "func": "connect", "line": 296}
{"ts": "2026-03-22T10:58:56.818527+00:00", "level": "INFO", "logger": "poly_screen", "message": "BinanceWS: Subscribed to ['btcusdt@kline_1m', 'ethusdt@kline_1m']", "module": "data_feed", "func": "subscribe", "line": 165}
{"ts": "2026-03-22T10:58:56.821528+00:00", "level": "INFO", "logger": "poly_screen", "message": "Monitoring feeds for 10 seconds...", "module": "test_live_data", "func": "test_live_feeds", "line": 33}
{"ts": "2026-03-22T10:58:56.828551+00:00", "level": "INFO", "logger": "poly_screen", "message": "Snapshot [BTC]: Price=None, Vol=None", "module": "test_live_data", "func": "test_live_feeds", "line": 37}
{"ts": "2026-03-22T10:58:56.829553+00:00", "level": "INFO", "logger": "poly_screen", "message": "Clients: BinanceWS=True, DeribitWS=True", "module": "test_live_data", "func": "test_live_feeds", "line": 38}
{"ts": "2026-03-22T10:58:59.848820+00:00", "level": "INFO", "logger": "poly_screen", "message": "Snapshot [BTC]: Price=None, Vol=None", "module": "test_live_data", "func": "test_live_feeds", "line": 37}
{"ts": "2026-03-22T10:58:59.849829+00:00", "level": "INFO", "logger": "poly_screen", "message": "Clients: BinanceWS=True, DeribitWS=True", "module": "test_live_data", "func": "test_live_feeds", "line": 38}
{"ts": "2026-03-22T10:59:02.851726+00:00", "level": "INFO", "logger": "poly_screen", "message": "Snapshot [BTC]: Price=None, Vol=None", "module": "test_live_data", "func": "test_live_feeds", "line": 37}
{"ts": "2026-03-22T10:59:02.852731+00:00", "level": "INFO", "logger": "poly_screen", "message": "Clients: BinanceWS=True, DeribitWS=True", "module": "test_live_data", "func": "test_live_feeds", "line": 38}
{"ts": "2026-03-22T10:59:05.856870+00:00", "level": "INFO", "logger": "poly_screen", "message": "Snapshot [BTC]: Price=None, Vol=None", "module": "test_live_data", "func": "test_live_feeds", "line": 37}
{"ts": "2026-03-22T10:59:05.857876+00:00", "level": "INFO", "logger": "poly_screen", "message": "Clients: BinanceWS=True, DeribitWS=True", "module": "test_live_data", "func": "test_live_feeds", "line": 38}
{"ts": "2026-03-22T10:59:08.873266+00:00", "level": "INFO", "logger": "poly_screen", "message": "Snapshot [BTC]: Price=None, Vol=None", "module": "test_live_data", "func": "test_live_feeds", "line": 37}
{"ts": "2026-03-22T10:59:08.874768+00:00", "level": "INFO", "logger": "poly_screen", "message": "Clients: BinanceWS=True, DeribitWS=True", "module": "test_live_data", "func": "test_live_feeds", "line": 38}
{"ts": "2026-03-22T10:59:11.893537+00:00", "level": "INFO", "logger": "poly_screen", "message": "Verification Test Complete.", "module": "test_live_data", "func": "test_live_feeds", "line": 47}
{"ts": "2026-03-22T10:59:14.161066+00:00", "level": "INFO", "logger": "poly_screen", "message": "Starting Live Feed Verification Test...", "module": "test_live_data", "func": "test_live_feeds", "line": 8}
{"ts": "2026-03-22T10:59:14.162071+00:00", "level": "INFO", "logger": "poly_screen", "message": "Aggregator: registered [BinanceWS]", "module": "feed_aggregator", "func": "register", "line": 55}
{"ts": "2026-03-22T10:59:14.162573+00:00", "level": "INFO", "logger": "poly_screen", "message": "Aggregator: registered [DeribitWS]", "module": "feed_aggregator", "func": "register", "line": 55}
{"ts": "2026-03-22T10:59:14.164097+00:00", "level": "INFO", "logger": "poly_screen", "message": "Waiting for connections...", "module": "test_live_data", "func": "test_live_feeds", "line": 25}
{"ts": "2026-03-22T10:59:14.165090+00:00", "level": "INFO", "logger": "poly_screen", "message": "BinanceWS: Connecting to wss://stream.binance.com:9443/ws", "module": "data_feed", "func": "connect", "line": 172}
{"ts": "2026-03-22T10:59:14.184685+00:00", "level": "INFO", "logger": "poly_screen", "message": "DeribitWS: Connecting to wss://www.deribit.com/ws/api/v2", "module": "data_feed", "func": "connect", "line": 274}
{"ts": "2026-03-22T10:59:14.624235+00:00", "level": "INFO", "logger": "poly_screen", "message": "BinanceWS: Connected", "module": "data_feed", "func": "connect", "line": 176}
{"ts": "2026-03-22T10:59:15.041012+00:00", "level": "INFO", "logger": "poly_screen", "message": "DeribitWS: Connected & Subscribed", "module": "data_feed", "func": "connect", "line": 297}
{"ts": "2026-03-22T10:59:19.172113+00:00", "level": "INFO", "logger": "poly_screen", "message": "BinanceWS: Subscribed to ['btcusdt@kline_1m', 'ethusdt@kline_1m']", "module": "data_feed", "func": "subscribe", "line": 165}
{"ts": "2026-03-22T10:59:19.173613+00:00", "level": "INFO", "logger": "poly_screen", "message": "Monitoring feeds for 10 seconds...", "module": "test_live_data", "func": "test_live_feeds", "line": 33}
{"ts": "2026-03-22T10:59:19.184921+00:00", "level": "INFO", "logger": "poly_screen", "message": "Snapshot [BTC]: Price=None, Vol=None", "module": "test_live_data", "func": "test_live_feeds", "line": 37}
{"ts": "2026-03-22T10:59:19.187449+00:00", "level": "INFO", "logger": "poly_screen", "message": "Clients: BinanceWS=True, DeribitWS=True", "module": "test_live_data", "func": "test_live_feeds", "line": 38}
{"ts": "2026-03-22T10:59:22.207423+00:00", "level": "INFO", "logger": "poly_screen", "message": "Snapshot [BTC]: Price=None, Vol=None", "module": "test_live_data", "func": "test_live_feeds", "line": 37}
{"ts": "2026-03-22T10:59:22.208422+00:00", "level": "INFO", "logger": "poly_screen", "message": "Clients: BinanceWS=True, DeribitWS=True", "module": "test_live_data", "func": "test_live_feeds", "line": 38}
{"ts": "2026-03-22T10:59:25.214207+00:00", "level": "INFO", "logger": "poly_screen", "message": "Snapshot [BTC]: Price=None, Vol=None", "module": "test_live_data", "func": "test_live_feeds", "line": 37}
{"ts": "2026-03-22T10:59:25.215708+00:00", "level": "INFO", "logger": "poly_screen", "message": "Clients: BinanceWS=True, DeribitWS=True", "module": "test_live_data", "func": "test_live_feeds", "line": 38}
{"ts": "2026-03-22T10:59:28.234293+00:00", "level": "INFO", "logger": "poly_screen", "message": "Snapshot [BTC]: Price=None, Vol=None", "module": "test_live_data", "func": "test_live_feeds", "line": 37}
{"ts": "2026-03-22T10:59:28.234789+00:00", "level": "INFO", "logger": "poly_screen", "message": "Clients: BinanceWS=True, DeribitWS=True", "module": "test_live_data", "func": "test_live_feeds", "line": 38}
{"ts": "2026-03-22T10:59:31.248288+00:00", "level": "INFO", "logger": "poly_screen", "message": "Snapshot [BTC]: Price=None, Vol=None", "module": "test_live_data", "func": "test_live_feeds", "line": 37}
{"ts": "2026-03-22T10:59:31.249797+00:00", "level": "INFO", "logger": "poly_screen", "message": "Clients: BinanceWS=True, DeribitWS=True", "module": "test_live_data", "func": "test_live_feeds", "line": 38}
{"ts": "2026-03-22T10:59:34.265951+00:00", "level": "INFO", "logger": "poly_screen", "message": "Verification Test Complete.", "module": "test_live_data", "func": "test_live_feeds", "line": 47}
{"ts": "2026-03-22T10:59:38.860552+00:00", "level": "INFO", "logger": "poly_screen", "message": "Starting Live Feed Verification Test...", "module": "test_live_data", "func": "test_live_feeds", "line": 8}
{"ts": "2026-03-22T10:59:38.862063+00:00", "level": "INFO", "logger": "poly_screen", "message": "Aggregator: registered [BinanceWS]", "module": "feed_aggregator", "func": "register", "line": 55}
{"ts": "2026-03-22T10:59:38.862562+00:00", "level": "INFO", "logger": "poly_screen", "message": "Aggregator: registered [DeribitWS]", "module": "feed_aggregator", "func": "register", "line": 55}
{"ts": "2026-03-22T10:59:38.864085+00:00", "level": "INFO", "logger": "poly_screen", "message": "Waiting for connections...", "module": "test_live_data", "func": "test_live_feeds", "line": 25}
{"ts": "2026-03-22T10:59:38.865069+00:00", "level": "INFO", "logger": "poly_screen", "message": "BinanceWS: Connecting to wss://stream.binance.com:9443/ws", "module": "data_feed", "func": "connect", "line": 174}
{"ts": "2026-03-22T10:59:38.886160+00:00", "level": "INFO", "logger": "poly_screen", "message": "DeribitWS: Connecting to wss://www.deribit.com/ws/api/v2", "module": "data_feed", "func": "connect", "line": 276}
{"ts": "2026-03-22T10:59:39.338971+00:00", "level": "INFO", "logger": "poly_screen", "message": "BinanceWS: Connected", "module": "data_feed", "func": "connect", "line": 178}
{"ts": "2026-03-22T10:59:39.737791+00:00", "level": "INFO", "logger": "poly_screen", "message": "DeribitWS: Connected & Subscribed", "module": "data_feed", "func": "connect", "line": 299}
{"ts": "2026-03-22T10:59:43.871677+00:00", "level": "INFO", "logger": "poly_screen", "message": "BinanceWS: Subscribed to ['btcusdt@kline_1m', 'ethusdt@kline_1m']", "module": "data_feed", "func": "subscribe", "line": 167}
{"ts": "2026-03-22T10:59:43.873170+00:00", "level": "INFO", "logger": "poly_screen", "message": "Monitoring feeds for 10 seconds...", "module": "test_live_data", "func": "test_live_feeds", "line": 33}
{"ts": "2026-03-22T10:59:43.880717+00:00", "level": "INFO", "logger": "poly_screen", "message": "Snapshot [BTC]: Price=None, Vol=None", "module": "test_live_data", "func": "test_live_feeds", "line": 37}
{"ts": "2026-03-22T10:59:43.882246+00:00", "level": "INFO", "logger": "poly_screen", "message": "Clients: BinanceWS=True, DeribitWS=True", "module": "test_live_data", "func": "test_live_feeds", "line": 38}
{"ts": "2026-03-22T10:59:46.886261+00:00", "level": "INFO", "logger": "poly_screen", "message": "Snapshot [BTC]: Price=None, Vol=None", "module": "test_live_data", "func": "test_live_feeds", "line": 37}
{"ts": "2026-03-22T10:59:46.888267+00:00", "level": "INFO", "logger": "poly_screen", "message": "Clients: BinanceWS=True, DeribitWS=True", "module": "test_live_data", "func": "test_live_feeds", "line": 38}
{"ts": "2026-03-22T10:59:49.901645+00:00", "level": "INFO", "logger": "poly_screen", "message": "Snapshot [BTC]: Price=None, Vol=None", "module": "test_live_data", "func": "test_live_feeds", "line": 37}
{"ts": "2026-03-22T10:59:49.903166+00:00", "level": "INFO", "logger": "poly_screen", "message": "Clients: BinanceWS=True, DeribitWS=True", "module": "test_live_data", "func": "test_live_feeds", "line": 38}
{"ts": "2026-03-22T10:59:52.918867+00:00", "level": "INFO", "logger": "poly_screen", "message": "Snapshot [BTC]: Price=None, Vol=None", "module": "test_live_data", "func": "test_live_feeds", "line": 37}
{"ts": "2026-03-22T10:59:52.919860+00:00", "level": "INFO", "logger": "poly_screen", "message": "Clients: BinanceWS=True, DeribitWS=True", "module": "test_live_data", "func": "test_live_feeds", "line": 38}
{"ts": "2026-03-22T10:59:55.925024+00:00", "level": "INFO", "logger": "poly_screen", "message": "Snapshot [BTC]: Price=None, Vol=None", "module": "test_live_data", "func": "test_live_feeds", "line": 37}
{"ts": "2026-03-22T10:59:55.927034+00:00", "level": "INFO", "logger": "poly_screen", "message": "Clients: BinanceWS=True, DeribitWS=True", "module": "test_live_data", "func": "test_live_feeds", "line": 38}
{"ts": "2026-03-22T10:59:58.840972+00:00", "level": "INFO", "logger": "poly_screen", "message": "Starting Live Feed Verification Test...", "module": "test_live_data", "func": "test_live_feeds", "line": 8}
{"ts": "2026-03-22T10:59:58.841994+00:00", "level": "INFO", "logger": "poly_screen", "message": "Aggregator: registered [BinanceWS]", "module": "feed_aggregator", "func": "register", "line": 55}
{"ts": "2026-03-22T10:59:58.843000+00:00", "level": "INFO", "logger": "poly_screen", "message": "Aggregator: registered [DeribitWS]", "module": "feed_aggregator", "func": "register", "line": 55}
{"ts": "2026-03-22T10:59:58.843498+00:00", "level": "INFO", "logger": "poly_screen", "message": "Waiting for connections...", "module": "test_live_data", "func": "test_live_feeds", "line": 25}
{"ts": "2026-03-22T10:59:58.844499+00:00", "level": "INFO", "logger": "poly_screen", "message": "BinanceWS: Connecting to wss://stream.binance.com:9443/ws", "module": "data_feed", "func": "connect", "line": 174}
{"ts": "2026-03-22T10:59:58.861739+00:00", "level": "INFO", "logger": "poly_screen", "message": "DeribitWS: Connecting to wss://www.deribit.com/ws/api/v2", "module": "data_feed", "func": "connect", "line": 276}
{"ts": "2026-03-22T10:59:58.932420+00:00", "level": "INFO", "logger": "poly_screen", "message": "Verification Test Complete.", "module": "test_live_data", "func": "test_live_feeds", "line": 47}
{"ts": "2026-03-22T10:59:59.283988+00:00", "level": "INFO", "logger": "poly_screen", "message": "BinanceWS: Connected", "module": "data_feed", "func": "connect", "line": 178}
{"ts": "2026-03-22T10:59:59.788096+00:00", "level": "INFO", "logger": "poly_screen", "message": "DeribitWS: Connected & Subscribed", "module": "data_feed", "func": "connect", "line": 299}
{"ts": "2026-03-22T11:00:03.856027+00:00", "level": "INFO", "logger": "poly_screen", "message": "BinanceWS: Subscribed to ['btcusdt@kline_1m', 'ethusdt@kline_1m']", "module": "data_feed", "func": "subscribe", "line": 167}
{"ts": "2026-03-22T11:00:03.858027+00:00", "level": "INFO", "logger": "poly_screen", "message": "Monitoring feeds for 10 seconds...", "module": "test_live_data", "func": "test_live_feeds", "line": 33}
{"ts": "2026-03-22T11:00:03.864544+00:00", "level": "INFO", "logger": "poly_screen", "message": "Snapshot [BTC]: Price=None, Vol=None", "module": "test_live_data", "func": "test_live_feeds", "line": 38}
{"ts": "2026-03-22T11:00:03.865538+00:00", "level": "INFO", "logger": "poly_screen", "message": "Snapshot [ETH]: Price=None, Vol=None", "module": "test_live_data", "func": "test_live_feeds", "line": 39}
{"ts": "2026-03-22T11:00:03.866539+00:00", "level": "INFO", "logger": "poly_screen", "message": "Status: BinanceWS=True, DeribitWS=True", "module": "test_live_data", "func": "test_live_feeds", "line": 40}
{"ts": "2026-03-22T11:00:06.878050+00:00", "level": "INFO", "logger": "poly_screen", "message": "Snapshot [BTC]: Price=None, Vol=None", "module": "test_live_data", "func": "test_live_feeds", "line": 38}
{"ts": "2026-03-22T11:00:06.879549+00:00", "level": "INFO", "logger": "poly_screen", "message": "Snapshot [ETH]: Price=None, Vol=None", "module": "test_live_data", "func": "test_live_feeds", "line": 39}
{"ts": "2026-03-22T11:00:06.882064+00:00", "level": "INFO", "logger": "poly_screen", "message": "Status: BinanceWS=True, DeribitWS=True", "module": "test_live_data", "func": "test_live_feeds", "line": 40}
{"ts": "2026-03-22T11:00:09.879221+00:00", "level": "INFO", "logger": "poly_screen", "message": "Snapshot [BTC]: Price=None, Vol=None", "module": "test_live_data", "func": "test_live_feeds", "line": 38}
{"ts": "2026-03-22T11:00:09.880226+00:00", "level": "INFO", "logger": "poly_screen", "message": "Snapshot [ETH]: Price=None, Vol=None", "module": "test_live_data", "func": "test_live_feeds", "line": 39}
{"ts": "2026-03-22T11:00:09.880731+00:00", "level": "INFO", "logger": "poly_screen", "message": "Status: BinanceWS=True, DeribitWS=True", "module": "test_live_data", "func": "test_live_feeds", "line": 40}
{"ts": "2026-03-22T11:00:12.895513+00:00", "level": "INFO", "logger": "poly_screen", "message": "Snapshot [BTC]: Price=None, Vol=None", "module": "test_live_data", "func": "test_live_feeds", "line": 38}
{"ts": "2026-03-22T11:00:12.897532+00:00", "level": "INFO", "logger": "poly_screen", "message": "Snapshot [ETH]: Price=None, Vol=None", "module": "test_live_data", "func": "test_live_feeds", "line": 39}
{"ts": "2026-03-22T11:00:12.898050+00:00", "level": "INFO", "logger": "poly_screen", "message": "Status: BinanceWS=True, DeribitWS=True", "module": "test_live_data", "func": "test_live_feeds", "line": 40}
{"ts": "2026-03-22T11:00:15.908920+00:00", "level": "INFO", "logger": "poly_screen", "message": "Snapshot [BTC]: Price=None, Vol=None", "module": "test_live_data", "func": "test_live_feeds", "line": 38}
{"ts": "2026-03-22T11:00:15.910916+00:00", "level": "INFO", "logger": "poly_screen", "message": "Snapshot [ETH]: Price=None, Vol=None", "module": "test_live_data", "func": "test_live_feeds", "line": 39}
{"ts": "2026-03-22T11:00:15.913894+00:00", "level": "INFO", "logger": "poly_screen", "message": "Status: BinanceWS=True, DeribitWS=True", "module": "test_live_data", "func": "test_live_feeds", "line": 40}
{"ts": "2026-03-22T11:00:18.927278+00:00", "level": "INFO", "logger": "poly_screen", "message": "Verification Test Complete.", "module": "test_live_data", "func": "test_live_feeds", "line": 49}
{"ts": "2026-03-22T11:00:19.112408+00:00", "level": "INFO", "logger": "poly_screen", "message": "Starting Live Feed Verification Test...", "module": "test_live_data", "func": "test_live_feeds", "line": 8}
{"ts": "2026-03-22T11:00:19.113919+00:00", "level": "INFO", "logger": "poly_screen", "message": "Aggregator: registered [BinanceWS]", "module": "feed_aggregator", "func": "register", "line": 55}
{"ts": "2026-03-22T11:00:19.114918+00:00", "level": "INFO", "logger": "poly_screen", "message": "Aggregator: registered [DeribitWS]", "module": "feed_aggregator", "func": "register", "line": 55}
{"ts": "2026-03-22T11:00:19.115917+00:00", "level": "INFO", "logger": "poly_screen", "message": "Waiting for connections...", "module": "test_live_data", "func": "test_live_feeds", "line": 25}
{"ts": "2026-03-22T11:00:19.116917+00:00", "level": "INFO", "logger": "poly_screen", "message": "BinanceWS: Connecting to wss://stream.binance.com:9443/ws", "module": "data_feed", "func": "connect", "line": 172}
{"ts": "2026-03-22T11:00:19.136134+00:00", "level": "INFO", "logger": "poly_screen", "message": "DeribitWS: Connecting to wss://www.deribit.com/ws/api/v2", "module": "data_feed", "func": "connect", "line": 274}
{"ts": "2026-03-22T11:00:19.588577+00:00", "level": "INFO", "logger": "poly_screen", "message": "BinanceWS: Connected", "module": "data_feed", "func": "connect", "line": 176}
{"ts": "2026-03-22T11:00:20.080510+00:00", "level": "INFO", "logger": "poly_screen", "message": "DeribitWS: Connected & Subscribed", "module": "data_feed", "func": "connect", "line": 297}
{"ts": "2026-03-22T11:00:24.113697+00:00", "level": "INFO", "logger": "poly_screen", "message": "BinanceWS: Subscribed to ['btcusdt@kline_1m', 'ethusdt@kline_1m']", "module": "data_feed", "func": "subscribe", "line": 165}
{"ts": "2026-03-22T11:00:24.115701+00:00", "level": "INFO", "logger": "poly_screen", "message": "Monitoring feeds for 10 seconds...", "module": "test_live_data", "func": "test_live_feeds", "line": 33}
{"ts": "2026-03-22T11:00:24.123900+00:00", "level": "INFO", "logger": "poly_screen", "message": "Snapshot [BTC]: Price=None, Vol=None", "module": "test_live_data", "func": "test_live_feeds", "line": 38}
{"ts": "2026-03-22T11:00:24.125115+00:00", "level": "INFO", "logger": "poly_screen", "message": "Snapshot [ETH]: Price=None, Vol=None", "module": "test_live_data", "func": "test_live_feeds", "line": 39}
{"ts": "2026-03-22T11:00:24.126688+00:00", "level": "INFO", "logger": "poly_screen", "message": "Status: BinanceWS=True, DeribitWS=True", "module": "test_live_data", "func": "test_live_feeds", "line": 40}
{"ts": "2026-03-22T11:00:27.146045+00:00", "level": "INFO", "logger": "poly_screen", "message": "Snapshot [BTC]: Price=None, Vol=None", "module": "test_live_data", "func": "test_live_feeds", "line": 38}
{"ts": "2026-03-22T11:00:27.147049+00:00", "level": "INFO", "logger": "poly_screen", "message": "Snapshot [ETH]: Price=None, Vol=None", "module": "test_live_data", "func": "test_live_feeds", "line": 39}
{"ts": "2026-03-22T11:00:27.148055+00:00", "level": "INFO", "logger": "poly_screen", "message": "Status: BinanceWS=True, DeribitWS=True", "module": "test_live_data", "func": "test_live_feeds", "line": 40}
{"ts": "2026-03-22T11:00:30.147715+00:00", "level": "INFO", "logger": "poly_screen", "message": "Snapshot [BTC]: Price=None, Vol=None", "module": "test_live_data", "func": "test_live_feeds", "line": 38}
{"ts": "2026-03-22T11:00:30.148215+00:00", "level": "INFO", "logger": "poly_screen", "message": "Snapshot [ETH]: Price=None, Vol=None", "module": "test_live_data", "func": "test_live_feeds", "line": 39}
{"ts": "2026-03-22T11:00:30.149723+00:00", "level": "INFO", "logger": "poly_screen", "message": "Status: BinanceWS=True, DeribitWS=True", "module": "test_live_data", "func": "test_live_feeds", "line": 40}
{"ts": "2026-03-22T11:00:33.155740+00:00", "level": "INFO", "logger": "poly_screen", "message": "Snapshot [BTC]: Price=None, Vol=None", "module": "test_live_data", "func": "test_live_feeds", "line": 38}
{"ts": "2026-03-22T11:00:33.157733+00:00", "level": "INFO", "logger": "poly_screen", "message": "Snapshot [ETH]: Price=None, Vol=None", "module": "test_live_data", "func": "test_live_feeds", "line": 39}
{"ts": "2026-03-22T11:00:33.159239+00:00", "level": "INFO", "logger": "poly_screen", "message": "Status: BinanceWS=True, DeribitWS=True", "module": "test_live_data", "func": "test_live_feeds", "line": 40}
{"ts": "2026-03-22T11:00:36.170169+00:00", "level": "INFO", "logger": "poly_screen", "message": "Snapshot [BTC]: Price=None, Vol=None", "module": "test_live_data", "func": "test_live_feeds", "line": 38}
{"ts": "2026-03-22T11:00:36.171174+00:00", "level": "INFO", "logger": "poly_screen", "message": "Snapshot [ETH]: Price=None, Vol=None", "module": "test_live_data", "func": "test_live_feeds", "line": 39}
{"ts": "2026-03-22T11:00:36.172678+00:00", "level": "INFO", "logger": "poly_screen", "message": "Status: BinanceWS=True, DeribitWS=True", "module": "test_live_data", "func": "test_live_feeds", "line": 40}
{"ts": "2026-03-22T11:00:39.193703+00:00", "level": "INFO", "logger": "poly_screen", "message": "Verification Test Complete.", "module": "test_live_data", "func": "test_live_feeds", "line": 49}
{"ts": "2026-03-22T11:02:43.348890+00:00", "level": "INFO", "logger": "poly_screen", "message": "Starting Live Reconciliation Verification Test...", "module": "test_reconciliation_live", "func": "test_live_reconciliation", "line": 10}
{"ts": "2026-03-22T11:03:02.094578+00:00", "level": "INFO", "logger": "poly_screen", "message": "Starting Live Reconciliation Verification Test...", "module": "test_reconciliation_live", "func": "test_live_reconciliation", "line": 10}
{"ts": "2026-03-22T11:03:02.099555+00:00", "level": "CRITICAL", "logger": "poly_screen", "message": "RECONCILIATION DRIFT: PHANTOM \u2014 market=ETH-456, detail=Position on exchange but not tracked internally: {'size_usd': 50.0, 'side': 'SELL'}", "module": "reconciliation", "func": "check_once", "line": 108}
{"ts": "2026-03-22T11:03:02.100643+00:00", "level": "CRITICAL", "logger": "poly_screen", "message": "RECONCILIATION DRIFT: SIZE \u2014 market=BTC-123, detail=Size mismatch: exchange=$100.50 vs internal=$90.00 (drift=10.45%)", "module": "reconciliation", "func": "check_once", "line": 108}
{"ts": "2026-03-22T11:03:02.102183+00:00", "level": "INFO", "logger": "poly_screen", "message": "Reconciliation Report: DRIFT_DETECTED", "module": "test_reconciliation_live", "func": "test_live_reconciliation", "line": 42}
{"ts": "2026-03-22T11:03:02.103182+00:00", "level": "INFO", "logger": "poly_screen", "message": "Drifts Found: 2", "module": "test_reconciliation_live", "func": "test_live_reconciliation", "line": 43}
{"ts": "2026-03-22T11:03:02.104185+00:00", "level": "INFO", "logger": "poly_screen", "message": "Drift Detected: PHANTOM on ETH-456 - Position on exchange but not tracked internally: {'size_usd': 50.0, 'side': 'SELL'}", "module": "test_reconciliation_live", "func": "test_live_reconciliation", "line": 46}
{"ts": "2026-03-22T11:03:02.105681+00:00", "level": "INFO", "logger": "poly_screen", "message": "Drift Detected: SIZE on BTC-123 - Size mismatch: exchange=$100.50 vs internal=$90.00 (drift=10.45%)", "module": "test_reconciliation_live", "func": "test_live_reconciliation", "line": 46}
{"ts": "2026-03-22T11:03:02.106183+00:00", "level": "INFO", "logger": "poly_screen", "message": "Verification Test Complete.", "module": "test_reconciliation_live", "func": "test_live_reconciliation", "line": 49}
{"ts": "2026-03-22T11:03:47.336115+00:00", "level": "INFO", "logger": "poly_screen", "message": "=== Starting 60-Second Shadow Trial ===", "module": "test_shadow_trial", "func": "run_shadow_trial", "line": 7}
{"ts": "2026-03-22T11:03:47.342539+00:00", "level": "INFO", "logger": "poly_screen", "message": "Starting POLY/SCREEN Engine v0.3.0...", "module": "main", "func": "startup_event", "line": 33}
{"ts": "2026-03-22T11:03:47.360624+00:00", "level": "INFO", "logger": "poly_screen", "message": "StrategyRegistry: loaded [edge_scalper] from edge_scalper.py", "module": "strategy_registry", "func": "discover", "line": 79}
{"ts": "2026-03-22T11:03:47.366146+00:00", "level": "INFO", "logger": "poly_screen", "message": "StrategyRegistry: 1 strategies discovered, 1 total loaded", "module": "strategy_registry", "func": "discover", "line": 89}
{"ts": "2026-03-22T11:03:47.369647+00:00", "level": "INFO", "logger": "poly_screen", "message": "Strategy [edge_scalper] started", "module": "base", "func": "start", "line": 58}
{"ts": "2026-03-22T11:03:47.377676+00:00", "level": "INFO", "logger": "poly_screen", "message": "StrategyRegistry: 1 strategies active", "module": "strategy_registry", "func": "start_all", "line": 105}
{"ts": "2026-03-22T11:03:47.384710+00:00", "level": "INFO", "logger": "poly_screen", "message": "Aggregator: registered [Polymarket]", "module": "feed_aggregator", "func": "register", "line": 55}
{"ts": "2026-03-22T11:03:47.395642+00:00", "level": "INFO", "logger": "poly_screen", "message": "Aggregator: registered [BinanceWS]", "module": "feed_aggregator", "func": "register", "line": 55}
{"ts": "2026-03-22T11:03:47.400670+00:00", "level": "INFO", "logger": "poly_screen", "message": "Aggregator: registered [DeribitWS]", "module": "feed_aggregator", "func": "register", "line": 55}
{"ts": "2026-03-22T11:03:47.414604+00:00", "level": "INFO", "logger": "poly_screen", "message": "AuditDaemon: Started (batch=10, flush_interval=5.0s)", "module": "audit", "func": "start", "line": 60}
{"ts": "2026-03-22T11:03:47.422012+00:00", "level": "INFO", "logger": "poly_screen", "message": "ReconciliationService: Started (interval=60.0s, tolerance=1.0%)", "module": "reconciliation", "func": "start", "line": 56}
{"ts": "2026-03-22T11:03:47.434018+00:00", "level": "INFO", "logger": "poly_screen", "message": "[bold green]Engine successfully initialized (Phase 7.3).[/]", "module": "main", "func": "startup_event", "line": 83}
{"ts": "2026-03-22T11:03:47.448480+00:00", "level": "INFO", "logger": "poly_screen", "message": "Monitoring system health for 60 seconds...", "module": "test_shadow_trial", "func": "run_shadow_trial", "line": 15}
{"ts": "2026-03-22T11:03:47.458867+00:00", "level": "INFO", "logger": "poly_screen", "message": "BinanceWS: Connecting to wss://stream.binance.com:9443/ws", "module": "data_feed", "func": "connect", "line": 182}
{"ts": "2026-03-22T11:03:47.501501+00:00", "level": "INFO", "logger": "poly_screen", "message": "DeribitWS: Connecting to wss://www.deribit.com/ws/api/v2", "module": "data_feed", "func": "connect", "line": 283}
{"ts": "2026-03-22T11:03:47.512581+00:00", "level": "ERROR", "logger": "poly_screen", "message": "Polymarket connection error: 'NoneType' object has no attribute 'recv'", "module": "data_feed", "func": "listen", "line": 520}
{"ts": "2026-03-22T11:03:47.514619+00:00", "level": "INFO", "logger": "poly_screen", "message": "Clock: Background sequencer started", "module": "engine_clock", "func": "start", "line": 53}
{"ts": "2026-03-22T11:03:47.516124+00:00", "level": "INFO", "logger": "poly_screen", "message": "Aggregator: polling started (interval=1.0s)", "module": "feed_aggregator", "func": "start_polling", "line": 180}
{"ts": "2026-03-22T11:03:47.520125+00:00", "level": "ERROR", "logger": "poly_screen", "message": "Failed to connect to Polymarket: [Errno 11001] getaddrinfo failed", "module": "data_feed", "func": "connect", "line": 483}
{"ts": "2026-03-22T11:03:47.963714+00:00", "level": "INFO", "logger": "poly_screen", "message": "BinanceWS: Connected", "module": "data_feed", "func": "connect", "line": 186}
{"ts": "2026-03-22T11:03:48.648613+00:00", "level": "INFO", "logger": "poly_screen", "message": "DeribitWS: Connected & Subscribed", "module": "data_feed", "func": "connect", "line": 306}
{"ts": "2026-03-22T11:03:52.536603+00:00", "level": "ERROR", "logger": "poly_screen", "message": "Failed to connect to Polymarket: [Errno 11001] getaddrinfo failed", "module": "data_feed", "func": "connect", "line": 483}
{"ts": "2026-03-22T11:03:52.538102+00:00", "level": "ERROR", "logger": "poly_screen", "message": "Polymarket connection error: 'NoneType' object has no attribute 'recv'", "module": "data_feed", "func": "listen", "line": 520}
{"ts": "2026-03-22T11:03:57.546067+00:00", "level": "ERROR", "logger": "poly_screen", "message": "Failed to connect to Polymarket: [Errno 11001] getaddrinfo failed", "module": "data_feed", "func": "connect", "line": 483}
{"ts": "2026-03-22T11:03:57.548081+00:00", "level": "ERROR", "logger": "poly_screen", "message": "Polymarket connection error: 'NoneType' object has no attribute 'recv'", "module": "data_feed", "func": "listen", "line": 520}
{"ts": "2026-03-22T11:04:02.556803+00:00", "level": "ERROR", "logger": "poly_screen", "message": "Failed to connect to Polymarket: [Errno 11001] getaddrinfo failed", "module": "data_feed", "func": "connect", "line": 483}
{"ts": "2026-03-22T11:04:02.557803+00:00", "level": "ERROR", "logger": "poly_screen", "message": "Polymarket connection error: 'NoneType' object has no attribute 'recv'", "module": "data_feed", "func": "listen", "line": 520}
{"ts": "2026-03-22T11:04:07.556321+00:00", "level": "ERROR", "logger": "poly_screen", "message": "Failed to connect to Polymarket: [Errno 11001] getaddrinfo failed", "module": "data_feed", "func": "connect", "line": 483}
{"ts": "2026-03-22T11:04:07.557328+00:00", "level": "ERROR", "logger": "poly_screen", "message": "Polymarket connection error: 'NoneType' object has no attribute 'recv'", "module": "data_feed", "func": "listen", "line": 520}
{"ts": "2026-03-22T11:04:12.570928+00:00", "level": "ERROR", "logger": "poly_screen", "message": "Failed to connect to Polymarket: [Errno 11001] getaddrinfo failed", "module": "data_feed", "func": "connect", "line": 483}
{"ts": "2026-03-22T11:04:12.572452+00:00", "level": "ERROR", "logger": "poly_screen", "message": "Polymarket connection error: 'NoneType' object has no attribute 'recv'", "module": "data_feed", "func": "listen", "line": 520}
{"ts": "2026-03-22T11:04:17.574029+00:00", "level": "ERROR", "logger": "poly_screen", "message": "Failed to connect to Polymarket: [Errno 11001] getaddrinfo failed", "module": "data_feed", "func": "connect", "line": 483}
{"ts": "2026-03-22T11:04:17.575540+00:00", "level": "ERROR", "logger": "poly_screen", "message": "Polymarket connection error: 'NoneType' object has no attribute 'recv'", "module": "data_feed", "func": "listen", "line": 520}
{"ts": "2026-03-22T11:04:22.582446+00:00", "level": "ERROR", "logger": "poly_screen", "message": "Failed to connect to Polymarket: [Errno 11001] getaddrinfo failed", "module": "data_feed", "func": "connect", "line": 483}
{"ts": "2026-03-22T11:04:22.583446+00:00", "level": "ERROR", "logger": "poly_screen", "message": "Polymarket connection error: 'NoneType' object has no attribute 'recv'", "module": "data_feed", "func": "listen", "line": 520}
{"ts": "2026-03-22T11:04:27.594398+00:00", "level": "ERROR", "logger": "poly_screen", "message": "Failed to connect to Polymarket: [Errno 11001] getaddrinfo failed", "module": "data_feed", "func": "connect", "line": 483}
{"ts": "2026-03-22T11:04:27.595393+00:00", "level": "ERROR", "logger": "poly_screen", "message": "Polymarket connection error: 'NoneType' object has no attribute 'recv'", "module": "data_feed", "func": "listen", "line": 520}
{"ts": "2026-03-22T11:04:32.597654+00:00", "level": "ERROR", "logger": "poly_screen", "message": "Failed to connect to Polymarket: [Errno 11001] getaddrinfo failed", "module": "data_feed", "func": "connect", "line": 483}
{"ts": "2026-03-22T11:04:32.598160+00:00", "level": "ERROR", "logger": "poly_screen", "message": "Polymarket connection error: 'NoneType' object has no attribute 'recv'", "module": "data_feed", "func": "listen", "line": 520}
{"ts": "2026-03-22T11:04:37.612308+00:00", "level": "ERROR", "logger": "poly_screen", "message": "Failed to connect to Polymarket: [Errno 11001] getaddrinfo failed", "module": "data_feed", "func": "connect", "line": 483}
{"ts": "2026-03-22T11:04:37.613827+00:00", "level": "ERROR", "logger": "poly_screen", "message": "Polymarket connection error: 'NoneType' object has no attribute 'recv'", "module": "data_feed", "func": "listen", "line": 520}
{"ts": "2026-03-22T11:04:42.605598+00:00", "level": "ERROR", "logger": "poly_screen", "message": "Failed to connect to Polymarket: [Errno 11001] getaddrinfo failed", "module": "data_feed", "func": "connect", "line": 483}
{"ts": "2026-03-22T11:04:42.606870+00:00", "level": "ERROR", "logger": "poly_screen", "message": "Polymarket connection error: 'NoneType' object has no attribute 'recv'", "module": "data_feed", "func": "listen", "line": 520}
{"ts": "2026-03-22T11:04:47.470222+00:00", "level": "INFO", "logger": "poly_screen", "message": "Shutting down POLY/SCREEN Engine...", "module": "main", "func": "shutdown_event", "line": 101}
{"ts": "2026-03-22T11:04:47.471739+00:00", "level": "INFO", "logger": "poly_screen", "message": "Strategy [edge_scalper] stopped", "module": "base", "func": "stop", "line": 62}
{"ts": "2026-03-22T11:04:47.472738+00:00", "level": "INFO", "logger": "poly_screen", "message": "StrategyRegistry: all strategies stopped", "module": "strategy_registry", "func": "stop_all", "line": 114}
{"ts": "2026-03-22T11:04:47.474249+00:00", "level": "INFO", "logger": "poly_screen", "message": "ReconciliationService: Stopped. Total drifts detected: 0", "module": "reconciliation", "func": "stop", "line": 70}
{"ts": "2026-03-22T11:04:47.476261+00:00", "level": "INFO", "logger": "poly_screen", "message": "AuditDaemon: Stopped. Total events flushed: 0", "module": "audit", "func": "stop", "line": 85}
{"ts": "2026-03-22T11:04:47.477261+00:00", "level": "INFO", "logger": "poly_screen", "message": "Engine shutdown complete.", "module": "main", "func": "shutdown_event", "line": 105}
{"ts": "2026-03-22T11:04:47.478263+00:00", "level": "INFO", "logger": "poly_screen", "message": "=== Shadow Trial Complete ===", "module": "test_shadow_trial", "func": "run_shadow_trial", "line": 20}
{"ts": "2026-03-22T11:08:45.465820+00:00", "level": "INFO", "logger": "poly_screen", "message": "Starting Alpha Filtering Verification...", "module": "test_alpha_signals", "func": "test_alpha_filtering", "line": 9}
{"ts": "2026-03-22T11:08:45.466818+00:00", "level": "INFO", "logger": "poly_screen", "message": "Market Screener started (min_edge=1.0%)", "module": "signal_engine", "func": "start", "line": 36}
{"ts": "2026-03-22T11:08:45.468818+00:00", "level": "INFO", "logger": "poly_screen", "message": "Screener SIGNAL: BUY_YES BTC-ALPH... edge=43.5% alloc=4.9%", "module": "signal_engine", "func": "_emit_signal", "line": 126}
{"ts": "2026-03-22T11:08:45.470316+00:00", "level": "INFO", "logger": "poly_screen", "message": "Screener SIGNAL: BUY_YES BTC-ALPH... edge=43.5% alloc=4.9%", "module": "signal_engine", "func": "_emit_signal", "line": 126}
{"ts": "2026-03-22T11:08:45.471321+00:00", "level": "INFO", "logger": "poly_screen", "message": "Screener SIGNAL: BUY_YES BTC-ALPH... edge=43.5% alloc=4.9%", "module": "signal_engine", "func": "_emit_signal", "line": 126}
{"ts": "2026-03-22T11:08:45.473325+00:00", "level": "INFO", "logger": "poly_screen", "message": "Screener SIGNAL: BUY_YES BTC-ALPH... edge=43.5% alloc=4.9%", "module": "signal_engine", "func": "_emit_signal", "line": 126}
{"ts": "2026-03-22T11:08:45.474325+00:00", "level": "INFO", "logger": "poly_screen", "message": "Screener SIGNAL: BUY_YES BTC-ALPH... edge=43.5% alloc=4.9%", "module": "signal_engine", "func": "_emit_signal", "line": 126}
{"ts": "2026-03-22T11:08:45.476342+00:00", "level": "INFO", "logger": "poly_screen", "message": "Screener SIGNAL: BUY_YES BTC-ALPH... edge=43.5% alloc=4.9%", "module": "signal_engine", "func": "_emit_signal", "line": 126}
{"ts": "2026-03-22T11:08:45.477835+00:00", "level": "INFO", "logger": "poly_screen", "message": "Screener SIGNAL: BUY_YES BTC-ALPH... edge=43.5% alloc=4.9%", "module": "signal_engine", "func": "_emit_signal", "line": 126}
{"ts": "2026-03-22T11:08:45.479334+00:00", "level": "INFO", "logger": "poly_screen", "message": "Screener SIGNAL: BUY_YES BTC-ALPH... edge=43.5% alloc=4.9%", "module": "signal_engine", "func": "_emit_signal", "line": 126}
{"ts": "2026-03-22T11:08:45.480845+00:00", "level": "INFO", "logger": "poly_screen", "message": "Screener SIGNAL: BUY_YES BTC-ALPH... edge=43.5% alloc=4.9%", "module": "signal_engine", "func": "_emit_signal", "line": 126}
{"ts": "2026-03-22T11:08:45.486872+00:00", "level": "INFO", "logger": "poly_screen", "message": "Screener SIGNAL: BUY_YES BTC-ALPH... edge=43.5% alloc=4.9%", "module": "signal_engine", "func": "_emit_signal", "line": 126}
{"ts": "2026-03-22T11:08:45.488873+00:00", "level": "INFO", "logger": "poly_screen", "message": "Screener SIGNAL: BUY_YES BTC-ALPH... edge=43.5% alloc=4.9%", "module": "signal_engine", "func": "_emit_signal", "line": 126}
{"ts": "2026-03-22T11:08:45.490887+00:00", "level": "INFO", "logger": "poly_screen", "message": "Screener SIGNAL: BUY_YES BTC-ALPH... edge=43.5% alloc=4.9%", "module": "signal_engine", "func": "_emit_signal", "line": 126}
{"ts": "2026-03-22T11:08:45.594913+00:00", "level": "INFO", "logger": "poly_screen", "message": "[OK] Balanced case produced signal.", "module": "test_alpha_signals", "func": "test_alpha_filtering", "line": 37}
{"ts": "2026-03-22T11:08:45.702596+00:00", "level": "INFO", "logger": "poly_screen", "message": "[OK] Imbalance filter suppressed signal.", "module": "test_alpha_signals", "func": "test_alpha_filtering", "line": 53}
{"ts": "2026-03-22T11:08:45.704592+00:00", "level": "INFO", "logger": "poly_screen", "message": "Screener SIGNAL: BUY_YES BTC-ALPH... edge=43.5% alloc=4.9%", "module": "signal_engine", "func": "_emit_signal", "line": 126}
{"ts": "2026-03-22T11:08:45.706094+00:00", "level": "INFO", "logger": "poly_screen", "message": "Screener SIGNAL: BUY_YES BTC-ALPH... edge=43.5% alloc=4.9%", "module": "signal_engine", "func": "_emit_signal", "line": 126}
{"ts": "2026-03-22T11:08:45.707593+00:00", "level": "INFO", "logger": "poly_screen", "message": "Screener SIGNAL: BUY_YES BTC-ALPH... edge=43.5% alloc=4.9%", "module": "signal_engine", "func": "_emit_signal", "line": 126}
{"ts": "2026-03-22T11:08:45.710597+00:00", "level": "INFO", "logger": "poly_screen", "message": "Screener SIGNAL: BUY_YES BTC-ALPH... edge=43.5% alloc=4.9%", "module": "signal_engine", "func": "_emit_signal", "line": 126}
{"ts": "2026-03-22T11:08:45.712610+00:00", "level": "INFO", "logger": "poly_screen", "message": "Screener SIGNAL: BUY_YES BTC-ALPH... edge=43.5% alloc=4.9%", "module": "signal_engine", "func": "_emit_signal", "line": 126}
{"ts": "2026-03-22T11:08:45.717631+00:00", "level": "INFO", "logger": "poly_screen", "message": "Screener SIGNAL: BUY_YES BTC-ALPH... edge=43.5% alloc=4.9%", "module": "signal_engine", "func": "_emit_signal", "line": 126}
{"ts": "2026-03-22T11:08:45.720136+00:00", "level": "INFO", "logger": "poly_screen", "message": "Screener SIGNAL: BUY_YES BTC-ALPH... edge=43.5% alloc=4.9%", "module": "signal_engine", "func": "_emit_signal", "line": 126}
{"ts": "2026-03-22T11:08:45.722159+00:00", "level": "INFO", "logger": "poly_screen", "message": "Screener SIGNAL: BUY_YES BTC-ALPH... edge=43.5% alloc=4.9%", "module": "signal_engine", "func": "_emit_signal", "line": 126}
{"ts": "2026-03-22T11:08:45.726180+00:00", "level": "INFO", "logger": "poly_screen", "message": "Screener SIGNAL: BUY_YES BTC-ALPH... edge=43.5% alloc=4.9%", "module": "signal_engine", "func": "_emit_signal", "line": 126}
{"ts": "2026-03-22T11:08:45.729681+00:00", "level": "INFO", "logger": "poly_screen", "message": "Screener SIGNAL: BUY_YES BTC-ALPH... edge=43.5% alloc=4.9%", "module": "signal_engine", "func": "_emit_signal", "line": 126}
{"ts": "2026-03-22T11:08:45.733242+00:00", "level": "INFO", "logger": "poly_screen", "message": "Screener SIGNAL: BUY_YES BTC-ALPH... edge=43.5% alloc=4.9%", "module": "signal_engine", "func": "_emit_signal", "line": 126}
{"ts": "2026-03-22T11:08:45.735243+00:00", "level": "INFO", "logger": "poly_screen", "message": "Screener SIGNAL: BUY_YES BTC-ALPH... edge=43.5% alloc=4.9%", "module": "signal_engine", "func": "_emit_signal", "line": 126}
{"ts": "2026-03-22T11:08:45.840740+00:00", "level": "INFO", "logger": "poly_screen", "message": "Alpha Verification Complete.", "module": "test_alpha_signals", "func": "test_alpha_filtering", "line": 75}
{"ts": "2026-03-22T11:10:03.083904+00:00", "level": "INFO", "logger": "poly_screen", "message": "Starting Dynamic Sizing Verification...", "module": "test_dynamic_sizing", "func": "test_dynamic_sizing", "line": 9}
{"ts": "2026-03-22T11:10:03.085912+00:00", "level": "INFO", "logger": "poly_screen", "message": "Market Screener started (min_edge=1.0%)", "module": "signal_engine", "func": "start", "line": 37}
{"ts": "2026-03-22T11:10:03.088420+00:00", "level": "WARNING", "logger": "poly_screen", "message": "EventBus: callback error on [Channel.MARKET_UPDATE]: 'UnifiedOrderbook' object has no attribute 'depth_usd'", "module": "event_bus", "func": "publish", "line": 93}
{"ts": "2026-03-22T11:10:17.831821+00:00", "level": "INFO", "logger": "poly_screen", "message": "Starting Dynamic Sizing Verification...", "module": "test_dynamic_sizing", "func": "test_dynamic_sizing", "line": 9}
{"ts": "2026-03-22T11:10:17.833845+00:00", "level": "INFO", "logger": "poly_screen", "message": "Market Screener started (min_edge=1.0%)", "module": "signal_engine", "func": "start", "line": 37}
{"ts": "2026-03-22T11:10:17.835839+00:00", "level": "WARNING", "logger": "poly_screen", "message": "EventBus: callback error on [Channel.MARKET_UPDATE]: 'UnifiedOrderbook' object has no attribute 'depth_usd'", "module": "event_bus", "func": "publish", "line": 93}
{"ts": "2026-03-22T11:10:43.919697+00:00", "level": "INFO", "logger": "poly_screen", "message": "Starting Dynamic Sizing Verification...", "module": "test_dynamic_sizing", "func": "test_dynamic_sizing", "line": 9}
{"ts": "2026-03-22T11:10:43.920702+00:00", "level": "INFO", "logger": "poly_screen", "message": "Market Screener started (min_edge=1.0%)", "module": "signal_engine", "func": "start", "line": 37}
{"ts": "2026-03-22T11:10:43.924024+00:00", "level": "WARNING", "logger": "poly_screen", "message": "EventBus: callback error on [Channel.MARKET_UPDATE]: 'UnifiedOrderbook' object has no attribute 'depth_usd'", "module": "event_bus", "func": "publish", "line": 93}
{"ts": "2026-03-22T11:10:43.925592+00:00", "level": "WARNING", "logger": "poly_screen", "message": "EventBus: callback error on [Channel.MARKET_UPDATE]: 'UnifiedOrderbook' object has no attribute 'depth_usd'", "module": "event_bus", "func": "publish", "line": 93}
{"ts": "2026-03-22T11:10:43.927095+00:00", "level": "WARNING", "logger": "poly_screen", "message": "EventBus: callback error on [Channel.MARKET_UPDATE]: 'UnifiedOrderbook' object has no attribute 'depth_usd'", "module": "event_bus", "func": "publish", "line": 93}
{"ts": "2026-03-22T11:10:43.928595+00:00", "level": "WARNING", "logger": "poly_screen", "message": "EventBus: callback error on [Channel.MARKET_UPDATE]: 'UnifiedOrderbook' object has no attribute 'depth_usd'", "module": "event_bus", "func": "publish", "line": 93}
{"ts": "2026-03-22T11:10:43.929594+00:00", "level": "WARNING", "logger": "poly_screen", "message": "EventBus: callback error on [Channel.MARKET_UPDATE]: 'UnifiedOrderbook' object has no attribute 'depth_usd'", "module": "event_bus", "func": "publish", "line": 93}
{"ts": "2026-03-22T11:10:46.089023+00:00", "level": "ERROR", "logger": "poly_screen", "message": "FAIL: No signal received for base case", "module": "test_dynamic_sizing", "func": "test_dynamic_sizing", "line": 41}
{"ts": "2026-03-22T11:10:55.848050+00:00", "level": "INFO", "logger": "poly_screen", "message": "Starting Dynamic Sizing Verification...", "module": "test_dynamic_sizing", "func": "test_dynamic_sizing", "line": 9}
{"ts": "2026-03-22T11:10:55.849062+00:00", "level": "INFO", "logger": "poly_screen", "message": "Market Screener started (min_edge=1.0%)", "module": "signal_engine", "func": "start", "line": 37}
{"ts": "2026-03-22T11:10:55.850573+00:00", "level": "WARNING", "logger": "poly_screen", "message": "EventBus: callback error on [Channel.MARKET_UPDATE]: 'UnifiedOrderbook' object has no attribute 'depth_usd'", "module": "event_bus", "func": "publish", "line": 93}
{"ts": "2026-03-22T11:10:55.851587+00:00", "level": "WARNING", "logger": "poly_screen", "message": "EventBus: callback error on [Channel.MARKET_UPDATE]: 'UnifiedOrderbook' object has no attribute 'depth_usd'", "module": "event_bus", "func": "publish", "line": 93}
{"ts": "2026-03-22T11:10:55.853683+00:00", "level": "WARNING", "logger": "poly_screen", "message": "EventBus: callback error on [Channel.MARKET_UPDATE]: 'UnifiedOrderbook' object has no attribute 'depth_usd'", "module": "event_bus", "func": "publish", "line": 93}
{"ts": "2026-03-22T11:10:55.855616+00:00", "level": "WARNING", "logger": "poly_screen", "message": "EventBus: callback error on [Channel.MARKET_UPDATE]: 'UnifiedOrderbook' object has no attribute 'depth_usd'", "module": "event_bus", "func": "publish", "line": 93}
{"ts": "2026-03-22T11:10:55.857116+00:00", "level": "WARNING", "logger": "poly_screen", "message": "EventBus: callback error on [Channel.MARKET_UPDATE]: 'UnifiedOrderbook' object has no attribute 'depth_usd'", "module": "event_bus", "func": "publish", "line": 93}
{"ts": "2026-03-22T11:10:58.022026+00:00", "level": "ERROR", "logger": "poly_screen", "message": "FAIL: No signal received for base case", "module": "test_dynamic_sizing", "func": "test_dynamic_sizing", "line": 41}
{"ts": "2026-03-22T11:11:10.384630+00:00", "level": "INFO", "logger": "poly_screen", "message": "Starting Dynamic Sizing Verification...", "module": "test_dynamic_sizing", "func": "test_dynamic_sizing", "line": 9}
{"ts": "2026-03-22T11:11:10.385635+00:00", "level": "INFO", "logger": "poly_screen", "message": "Market Screener started (min_edge=1.0%)", "module": "signal_engine", "func": "start", "line": 37}
{"ts": "2026-03-22T11:11:10.387642+00:00", "level": "INFO", "logger": "poly_screen", "message": "Screener SIGNAL: BUY_YES SIZE-TES... edge=43.5% score=64.3 alloc=5.0% ($500)", "module": "signal_engine", "func": "_emit_signal", "line": 138}
{"ts": "2026-03-22T11:11:10.388640+00:00", "level": "INFO", "logger": "poly_screen", "message": "Screener SIGNAL: BUY_YES SIZE-TES... edge=43.5% score=64.3 alloc=5.0% ($500)", "module": "signal_engine", "func": "_emit_signal", "line": 138}
{"ts": "2026-03-22T11:11:10.389640+00:00", "level": "INFO", "logger": "poly_screen", "message": "Screener SIGNAL: BUY_YES SIZE-TES... edge=43.5% score=64.3 alloc=5.0% ($500)", "module": "signal_engine", "func": "_emit_signal", "line": 138}
{"ts": "2026-03-22T11:11:10.390645+00:00", "level": "INFO", "logger": "poly_screen", "message": "Screener SIGNAL: BUY_YES SIZE-TES... edge=43.5% score=64.3 alloc=5.0% ($500)", "module": "signal_engine", "func": "_emit_signal", "line": 138}
{"ts": "2026-03-22T11:11:10.392685+00:00", "level": "INFO", "logger": "poly_screen", "message": "Screener SIGNAL: BUY_YES SIZE-TES... edge=43.5% score=64.3 alloc=5.0% ($500)", "module": "signal_engine", "func": "_emit_signal", "line": 138}
{"ts": "2026-03-22T11:11:10.393190+00:00", "level": "INFO", "logger": "poly_screen", "message": "Signal 1 (Base): $500.00", "module": "test_dynamic_sizing", "func": "test_dynamic_sizing", "line": 45}
{"ts": "2026-03-22T11:11:10.394703+00:00", "level": "INFO", "logger": "poly_screen", "message": "Screener SIGNAL: BUY_YES SIZE-TES... edge=43.5% score=107.8 alloc=5.0% ($500)", "module": "signal_engine", "func": "_emit_signal", "line": 138}
{"ts": "2026-03-22T11:11:10.396203+00:00", "level": "INFO", "logger": "poly_screen", "message": "Screener SIGNAL: BUY_YES SIZE-TES... edge=43.5% score=107.8 alloc=5.0% ($500)", "module": "signal_engine", "func": "_emit_signal", "line": 138}
{"ts": "2026-03-22T11:11:10.397715+00:00", "level": "INFO", "logger": "poly_screen", "message": "Screener SIGNAL: BUY_YES SIZE-TES... edge=43.5% score=107.8 alloc=5.0% ($500)", "module": "signal_engine", "func": "_emit_signal", "line": 138}
{"ts": "2026-03-22T11:11:10.399221+00:00", "level": "INFO", "logger": "poly_screen", "message": "Screener SIGNAL: BUY_YES SIZE-TES... edge=43.5% score=107.8 alloc=5.0% ($500)", "module": "signal_engine", "func": "_emit_signal", "line": 138}
{"ts": "2026-03-22T11:11:10.404288+00:00", "level": "INFO", "logger": "poly_screen", "message": "Screener SIGNAL: BUY_YES SIZE-TES... edge=43.5% score=107.8 alloc=5.0% ($500)", "module": "signal_engine", "func": "_emit_signal", "line": 138}
{"ts": "2026-03-22T11:11:10.405287+00:00", "level": "INFO", "logger": "poly_screen", "message": "Signal 2 (Liquid): $500.00", "module": "test_dynamic_sizing", "func": "test_dynamic_sizing", "line": 67}
{"ts": "2026-03-22T11:11:45.434817+00:00", "level": "INFO", "logger": "poly_screen", "message": "Starting Dynamic Sizing Verification...", "module": "test_dynamic_sizing", "func": "test_dynamic_sizing", "line": 9}
{"ts": "2026-03-22T11:11:45.436826+00:00", "level": "INFO", "logger": "poly_screen", "message": "Market Screener started (min_edge=1.0%)", "module": "signal_engine", "func": "start", "line": 37}
{"ts": "2026-03-22T11:11:45.438336+00:00", "level": "INFO", "logger": "poly_screen", "message": "Screener SIGNAL: BUY_YES SIZE-TES... edge=43.5% score=64.3 alloc=5.0% ($500)", "module": "signal_engine", "func": "_emit_signal", "line": 140}
{"ts": "2026-03-22T11:11:45.439836+00:00", "level": "INFO", "logger": "poly_screen", "message": "Screener SIGNAL: BUY_YES SIZE-TES... edge=43.5% score=64.3 alloc=5.0% ($500)", "module": "signal_engine", "func": "_emit_signal", "line": 140}
{"ts": "2026-03-22T11:11:45.441346+00:00", "level": "INFO", "logger": "poly_screen", "message": "Screener SIGNAL: BUY_YES SIZE-TES... edge=43.5% score=64.3 alloc=5.0% ($500)", "module": "signal_engine", "func": "_emit_signal", "line": 140}
{"ts": "2026-03-22T11:11:45.443029+00:00", "level": "INFO", "logger": "poly_screen", "message": "Screener SIGNAL: BUY_YES SIZE-TES... edge=43.5% score=64.3 alloc=5.0% ($500)", "module": "signal_engine", "func": "_emit_signal", "line": 140}
{"ts": "2026-03-22T11:11:45.444529+00:00", "level": "INFO", "logger": "poly_screen", "message": "Screener SIGNAL: BUY_YES SIZE-TES... edge=43.5% score=64.3 alloc=5.0% ($500)", "module": "signal_engine", "func": "_emit_signal", "line": 140}
{"ts": "2026-03-22T11:11:45.445529+00:00", "level": "INFO", "logger": "poly_screen", "message": "Signal 1 (Base): $500.00", "module": "test_dynamic_sizing", "func": "test_dynamic_sizing", "line": 45}
{"ts": "2026-03-22T11:11:45.446529+00:00", "level": "INFO", "logger": "poly_screen", "message": "Screener SIGNAL: BUY_YES SIZE-TES... edge=43.5% score=107.8 alloc=5.0% ($500)", "module": "signal_engine", "func": "_emit_signal", "line": 140}
{"ts": "2026-03-22T11:11:45.448038+00:00", "level": "INFO", "logger": "poly_screen", "message": "Screener SIGNAL: BUY_YES SIZE-TES... edge=43.5% score=107.8 alloc=5.0% ($500)", "module": "signal_engine", "func": "_emit_signal", "line": 140}
{"ts": "2026-03-22T11:11:45.449042+00:00", "level": "INFO", "logger": "poly_screen", "message": "Screener SIGNAL: BUY_YES SIZE-TES... edge=43.5% score=107.8 alloc=5.0% ($500)", "module": "signal_engine", "func": "_emit_signal", "line": 140}
{"ts": "2026-03-22T11:11:45.450550+00:00", "level": "INFO", "logger": "poly_screen", "message": "Screener SIGNAL: BUY_YES SIZE-TES... edge=43.5% score=107.8 alloc=5.0% ($500)", "module": "signal_engine", "func": "_emit_signal", "line": 140}
{"ts": "2026-03-22T11:11:45.453603+00:00", "level": "INFO", "logger": "poly_screen", "message": "Screener SIGNAL: BUY_YES SIZE-TES... edge=43.5% score=107.8 alloc=5.0% ($500)", "module": "signal_engine", "func": "_emit_signal", "line": 140}
{"ts": "2026-03-22T11:11:45.454603+00:00", "level": "INFO", "logger": "poly_screen", "message": "Signal 2 (Liquid): $500.00", "module": "test_dynamic_sizing", "func": "test_dynamic_sizing", "line": 67}
{"ts": "2026-03-22T11:12:01.088665+00:00", "level": "INFO", "logger": "poly_screen", "message": "Starting Dynamic Sizing Verification...", "module": "test_dynamic_sizing", "func": "test_dynamic_sizing", "line": 9}
{"ts": "2026-03-22T11:12:01.090832+00:00", "level": "INFO", "logger": "poly_screen", "message": "Market Screener started (min_edge=1.0%)", "module": "signal_engine", "func": "start", "line": 37}
{"ts": "2026-03-22T11:12:01.093853+00:00", "level": "INFO", "logger": "poly_screen", "message": "Screener SIGNAL: BUY_YES SIZE-TES... edge=39.5% score=58.4 alloc=5.0% ($500)", "module": "signal_engine", "func": "_emit_signal", "line": 140}
{"ts": "2026-03-22T11:12:01.095845+00:00", "level": "INFO", "logger": "poly_screen", "message": "Screener SIGNAL: BUY_YES SIZE-TES... edge=39.5% score=58.4 alloc=5.0% ($500)", "module": "signal_engine", "func": "_emit_signal", "line": 140}
{"ts": "2026-03-22T11:12:01.096352+00:00", "level": "INFO", "logger": "poly_screen", "message": "Screener SIGNAL: BUY_YES SIZE-TES... edge=39.5% score=58.4 alloc=5.0% ($500)", "module": "signal_engine", "func": "_emit_signal", "line": 140}
{"ts": "2026-03-22T11:12:01.098676+00:00", "level": "INFO", "logger": "poly_screen", "message": "Screener SIGNAL: BUY_YES SIZE-TES... edge=39.5% score=58.4 alloc=5.0% ($500)", "module": "signal_engine", "func": "_emit_signal", "line": 140}
{"ts": "2026-03-22T11:12:01.099688+00:00", "level": "INFO", "logger": "poly_screen", "message": "Screener SIGNAL: BUY_YES SIZE-TES... edge=39.5% score=58.4 alloc=5.0% ($500)", "module": "signal_engine", "func": "_emit_signal", "line": 140}
{"ts": "2026-03-22T11:12:01.101445+00:00", "level": "INFO", "logger": "poly_screen", "message": "Signal 1 (Base): $500.00", "module": "test_dynamic_sizing", "func": "test_dynamic_sizing", "line": 45}
{"ts": "2026-03-22T11:12:01.106043+00:00", "level": "INFO", "logger": "poly_screen", "message": "Screener SIGNAL: BUY_YES SIZE-TES... edge=39.5% score=97.9 alloc=5.0% ($500)", "module": "signal_engine", "func": "_emit_signal", "line": 140}
{"ts": "2026-03-22T11:12:01.108057+00:00", "level": "INFO", "logger": "poly_screen", "message": "Screener SIGNAL: BUY_YES SIZE-TES... edge=39.5% score=97.9 alloc=5.0% ($500)", "module": "signal_engine", "func": "_emit_signal", "line": 140}
{"ts": "2026-03-22T11:12:01.110068+00:00", "level": "INFO", "logger": "poly_screen", "message": "Screener SIGNAL: BUY_YES SIZE-TES... edge=39.5% score=97.9 alloc=5.0% ($500)", "module": "signal_engine", "func": "_emit_signal", "line": 140}
{"ts": "2026-03-22T11:12:01.112069+00:00", "level": "INFO", "logger": "poly_screen", "message": "Screener SIGNAL: BUY_YES SIZE-TES... edge=39.5% score=97.9 alloc=5.0% ($500)", "module": "signal_engine", "func": "_emit_signal", "line": 140}
{"ts": "2026-03-22T11:12:01.115610+00:00", "level": "INFO", "logger": "poly_screen", "message": "Screener SIGNAL: BUY_YES SIZE-TES... edge=39.5% score=97.9 alloc=5.0% ($500)", "module": "signal_engine", "func": "_emit_signal", "line": 140}
{"ts": "2026-03-22T11:12:01.116111+00:00", "level": "INFO", "logger": "poly_screen", "message": "Signal 2 (Liquid): $500.00", "module": "test_dynamic_sizing", "func": "test_dynamic_sizing", "line": 67}
{"ts": "2026-03-22T11:12:48.591640+00:00", "level": "INFO", "logger": "poly_screen", "message": "Starting Dynamic Sizing Verification...", "module": "test_dynamic_sizing", "func": "test_dynamic_sizing", "line": 12}
{"ts": "2026-03-22T11:12:48.593693+00:00", "level": "INFO", "logger": "poly_screen", "message": "Market Screener started (min_edge=1.0%)", "module": "signal_engine", "func": "start", "line": 37}
{"ts": "2026-03-22T11:12:48.595192+00:00", "level": "DEBUG", "logger": "poly_screen", "message": "Sizing DEBUG: fair=0.89 mkt=0.49 full_k=0.77 score=58.35 mult=1.50 final=5.00%", "module": "signal_engine", "func": "_emit_signal", "line": 123}
{"ts": "2026-03-22T11:12:48.596191+00:00", "level": "INFO", "logger": "poly_screen", "message": "Screener SIGNAL: BUY_YES SIZE-TES... edge=39.5% score=58.4 alloc=5.0% ($500)", "module": "signal_engine", "func": "_emit_signal", "line": 140}
{"ts": "2026-03-22T11:12:48.597702+00:00", "level": "DEBUG", "logger": "poly_screen", "message": "Sizing DEBUG: fair=0.89 mkt=0.49 full_k=0.77 score=58.35 mult=1.50 final=5.00%", "module": "signal_engine", "func": "_emit_signal", "line": 123}
{"ts": "2026-03-22T11:12:48.598204+00:00", "level": "INFO", "logger": "poly_screen", "message": "Screener SIGNAL: BUY_YES SIZE-TES... edge=39.5% score=58.4 alloc=5.0% ($500)", "module": "signal_engine", "func": "_emit_signal", "line": 140}
{"ts": "2026-03-22T11:12:48.599718+00:00", "level": "DEBUG", "logger": "poly_screen", "message": "Sizing DEBUG: fair=0.89 mkt=0.49 full_k=0.77 score=58.35 mult=1.50 final=5.00%", "module": "signal_engine", "func": "_emit_signal", "line": 123}
{"ts": "2026-03-22T11:12:48.600724+00:00", "level": "INFO", "logger": "poly_screen", "message": "Screener SIGNAL: BUY_YES SIZE-TES... edge=39.5% score=58.4 alloc=5.0% ($500)", "module": "signal_engine", "func": "_emit_signal", "line": 140}
{"ts": "2026-03-22T11:12:48.603264+00:00", "level": "DEBUG", "logger": "poly_screen", "message": "Sizing DEBUG: fair=0.89 mkt=0.49 full_k=0.77 score=58.35 mult=1.50 final=5.00%", "module": "signal_engine", "func": "_emit_signal", "line": 123}
{"ts": "2026-03-22T11:12:48.604425+00:00", "level": "INFO", "logger": "poly_screen", "message": "Screener SIGNAL: BUY_YES SIZE-TES... edge=39.5% score=58.4 alloc=5.0% ($500)", "module": "signal_engine", "func": "_emit_signal", "line": 140}
{"ts": "2026-03-22T11:12:48.605425+00:00", "level": "DEBUG", "logger": "poly_screen", "message": "Sizing DEBUG: fair=0.89 mkt=0.49 full_k=0.77 score=58.35 mult=1.50 final=5.00%", "module": "signal_engine", "func": "_emit_signal", "line": 123}
{"ts": "2026-03-22T11:12:48.606435+00:00", "level": "INFO", "logger": "poly_screen", "message": "Screener SIGNAL: BUY_YES SIZE-TES... edge=39.5% score=58.4 alloc=5.0% ($500)", "module": "signal_engine", "func": "_emit_signal", "line": 140}
{"ts": "2026-03-22T11:12:48.607424+00:00", "level": "INFO", "logger": "poly_screen", "message": "Signal 1 (Base): $500.00", "module": "test_dynamic_sizing", "func": "test_dynamic_sizing", "line": 48}
{"ts": "2026-03-22T11:12:48.608940+00:00", "level": "DEBUG", "logger": "poly_screen", "message": "Sizing DEBUG: fair=0.89 mkt=0.49 full_k=0.77 score=97.85 mult=1.50 final=5.00%", "module": "signal_engine", "func": "_emit_signal", "line": 123}
{"ts": "2026-03-22T11:12:48.609926+00:00", "level": "INFO", "logger": "poly_screen", "message": "Screener SIGNAL: BUY_YES SIZE-TES... edge=39.5% score=97.9 alloc=5.0% ($500)", "module": "signal_engine", "func": "_emit_signal", "line": 140}
{"ts": "2026-03-22T11:12:48.611429+00:00", "level": "DEBUG", "logger": "poly_screen", "message": "Sizing DEBUG: fair=0.89 mkt=0.49 full_k=0.77 score=97.85 mult=1.50 final=5.00%", "module": "signal_engine", "func": "_emit_signal", "line": 123}
{"ts": "2026-03-22T11:12:48.612436+00:00", "level": "INFO", "logger": "poly_screen", "message": "Screener SIGNAL: BUY_YES SIZE-TES... edge=39.5% score=97.9 alloc=5.0% ($500)", "module": "signal_engine", "func": "_emit_signal", "line": 140}
{"ts": "2026-03-22T11:12:48.612937+00:00", "level": "DEBUG", "logger": "poly_screen", "message": "Sizing DEBUG: fair=0.89 mkt=0.49 full_k=0.77 score=97.85 mult=1.50 final=5.00%", "module": "signal_engine", "func": "_emit_signal", "line": 123}
{"ts": "2026-03-22T11:12:48.614464+00:00", "level": "INFO", "logger": "poly_screen", "message": "Screener SIGNAL: BUY_YES SIZE-TES... edge=39.5% score=97.9 alloc=5.0% ($500)", "module": "signal_engine", "func": "_emit_signal", "line": 140}
{"ts": "2026-03-22T11:12:48.615950+00:00", "level": "DEBUG", "logger": "poly_screen", "message": "Sizing DEBUG: fair=0.89 mkt=0.49 full_k=0.77 score=97.85 mult=1.50 final=5.00%", "module": "signal_engine", "func": "_emit_signal", "line": 123}
{"ts": "2026-03-22T11:12:48.617063+00:00", "level": "INFO", "logger": "poly_screen", "message": "Screener SIGNAL: BUY_YES SIZE-TES... edge=39.5% score=97.9 alloc=5.0% ($500)", "module": "signal_engine", "func": "_emit_signal", "line": 140}
{"ts": "2026-03-22T11:12:48.622079+00:00", "level": "DEBUG", "logger": "poly_screen", "message": "Sizing DEBUG: fair=0.89 mkt=0.49 full_k=0.77 score=97.85 mult=1.50 final=5.00%", "module": "signal_engine", "func": "_emit_signal", "line": 123}
{"ts": "2026-03-22T11:12:48.624076+00:00", "level": "INFO", "logger": "poly_screen", "message": "Screener SIGNAL: BUY_YES SIZE-TES... edge=39.5% score=97.9 alloc=5.0% ($500)", "module": "signal_engine", "func": "_emit_signal", "line": 140}
{"ts": "2026-03-22T11:12:48.625594+00:00", "level": "INFO", "logger": "poly_screen", "message": "Signal 2 (Liquid): $500.00", "module": "test_dynamic_sizing", "func": "test_dynamic_sizing", "line": 70}
{"ts": "2026-03-22T11:14:57.819952+00:00", "level": "INFO", "logger": "poly_screen", "message": "Starting Live Feed Verification Test...", "module": "test_live_data", "func": "test_live_feeds", "line": 8}
{"ts": "2026-03-22T11:14:57.820967+00:00", "level": "INFO", "logger": "poly_screen", "message": "Aggregator: registered [BinanceWS]", "module": "feed_aggregator", "func": "register", "line": 55}
{"ts": "2026-03-22T11:14:57.821977+00:00", "level": "INFO", "logger": "poly_screen", "message": "Aggregator: registered [DeribitWS]", "module": "feed_aggregator", "func": "register", "line": 55}
{"ts": "2026-03-22T11:14:57.823481+00:00", "level": "INFO", "logger": "poly_screen", "message": "Waiting for connections...", "module": "test_live_data", "func": "test_live_feeds", "line": 25}
{"ts": "2026-03-22T11:14:57.823981+00:00", "level": "INFO", "logger": "poly_screen", "message": "BinanceWS: Connecting to wss://stream.binance.com:9443/ws", "module": "data_feed", "func": "connect", "line": 182}
{"ts": "2026-03-22T11:14:57.848297+00:00", "level": "INFO", "logger": "poly_screen", "message": "DeribitWS: Connecting to wss://www.deribit.com/ws/api/v2", "module": "data_feed", "func": "connect", "line": 283}
{"ts": "2026-03-22T11:14:58.295822+00:00", "level": "INFO", "logger": "poly_screen", "message": "BinanceWS: Connected", "module": "data_feed", "func": "connect", "line": 186}
{"ts": "2026-03-22T11:14:58.916648+00:00", "level": "INFO", "logger": "poly_screen", "message": "DeribitWS: Connected & Subscribed", "module": "data_feed", "func": "connect", "line": 306}
{"ts": "2026-03-22T11:15:02.836791+00:00", "level": "INFO", "logger": "poly_screen", "message": "BinanceWS: Subscribed to ['btcusdt@kline_1m', 'ethusdt@kline_1m']", "module": "data_feed", "func": "subscribe", "line": 175}
{"ts": "2026-03-22T11:15:02.838291+00:00", "level": "INFO", "logger": "poly_screen", "message": "Monitoring feeds for 10 seconds...", "module": "test_live_data", "func": "test_live_feeds", "line": 33}
{"ts": "2026-03-22T11:15:02.845850+00:00", "level": "INFO", "logger": "poly_screen", "message": "Snapshot [BTC]: Price=None, Vol=None", "module": "test_live_data", "func": "test_live_feeds", "line": 38}
{"ts": "2026-03-22T11:15:02.847362+00:00", "level": "INFO", "logger": "poly_screen", "message": "Snapshot [ETH]: Price=None, Vol=None", "module": "test_live_data", "func": "test_live_feeds", "line": 39}
{"ts": "2026-03-22T11:15:02.848373+00:00", "level": "INFO", "logger": "poly_screen", "message": "Status: BinanceWS=True, DeribitWS=True", "module": "test_live_data", "func": "test_live_feeds", "line": 40}
{"ts": "2026-03-22T11:15:05.855069+00:00", "level": "INFO", "logger": "poly_screen", "message": "Snapshot [BTC]: Price=None, Vol=None", "module": "test_live_data", "func": "test_live_feeds", "line": 38}
{"ts": "2026-03-22T11:15:05.856931+00:00", "level": "INFO", "logger": "poly_screen", "message": "Snapshot [ETH]: Price=None, Vol=None", "module": "test_live_data", "func": "test_live_feeds", "line": 39}
{"ts": "2026-03-22T11:15:05.857932+00:00", "level": "INFO", "logger": "poly_screen", "message": "Status: BinanceWS=True, DeribitWS=True", "module": "test_live_data", "func": "test_live_feeds", "line": 40}
{"ts": "2026-03-22T11:15:08.871604+00:00", "level": "INFO", "logger": "poly_screen", "message": "Snapshot [BTC]: Price=None, Vol=None", "module": "test_live_data", "func": "test_live_feeds", "line": 38}
{"ts": "2026-03-22T11:15:08.874106+00:00", "level": "INFO", "logger": "poly_screen", "message": "Snapshot [ETH]: Price=None, Vol=None", "module": "test_live_data", "func": "test_live_feeds", "line": 39}
{"ts": "2026-03-22T11:15:08.876122+00:00", "level": "INFO", "logger": "poly_screen", "message": "Status: BinanceWS=True, DeribitWS=True", "module": "test_live_data", "func": "test_live_feeds", "line": 40}
{"ts": "2026-03-22T11:15:11.887004+00:00", "level": "INFO", "logger": "poly_screen", "message": "Snapshot [BTC]: Price=None, Vol=None", "module": "test_live_data", "func": "test_live_feeds", "line": 38}
{"ts": "2026-03-22T11:15:11.888517+00:00", "level": "INFO", "logger": "poly_screen", "message": "Snapshot [ETH]: Price=None, Vol=None", "module": "test_live_data", "func": "test_live_feeds", "line": 39}
{"ts": "2026-03-22T11:15:11.889863+00:00", "level": "INFO", "logger": "poly_screen", "message": "Status: BinanceWS=True, DeribitWS=True", "module": "test_live_data", "func": "test_live_feeds", "line": 40}
{"ts": "2026-03-22T11:15:14.898202+00:00", "level": "INFO", "logger": "poly_screen", "message": "Snapshot [BTC]: Price=None, Vol=None", "module": "test_live_data", "func": "test_live_feeds", "line": 38}
{"ts": "2026-03-22T11:15:14.899715+00:00", "level": "INFO", "logger": "poly_screen", "message": "Snapshot [ETH]: Price=None, Vol=None", "module": "test_live_data", "func": "test_live_feeds", "line": 39}
{"ts": "2026-03-22T11:15:14.900720+00:00", "level": "INFO", "logger": "poly_screen", "message": "Status: BinanceWS=True, DeribitWS=True", "module": "test_live_data", "func": "test_live_feeds", "line": 40}
{"ts": "2026-03-22T11:15:17.901300+00:00", "level": "INFO", "logger": "poly_screen", "message": "Verification Test Complete.", "module": "test_live_data", "func": "test_live_feeds", "line": 49}
{"ts": "2026-03-22T11:16:10.873302+00:00", "level": "INFO", "logger": "poly_screen", "message": "Starting Live Feed Verification Test...", "module": "test_live_data", "func": "test_live_feeds", "line": 8}
{"ts": "2026-03-22T11:16:10.875109+00:00", "level": "INFO", "logger": "poly_screen", "message": "Aggregator: registered [BinanceWS]", "module": "feed_aggregator", "func": "register", "line": 55}
{"ts": "2026-03-22T11:16:10.876108+00:00", "level": "INFO", "logger": "poly_screen", "message": "Aggregator: registered [DeribitWS]", "module": "feed_aggregator", "func": "register", "line": 55}
{"ts": "2026-03-22T11:16:10.876608+00:00", "level": "INFO", "logger": "poly_screen", "message": "Waiting for connections...", "module": "test_live_data", "func": "test_live_feeds", "line": 25}
{"ts": "2026-03-22T11:16:10.878117+00:00", "level": "INFO", "logger": "poly_screen", "message": "BinanceWS: Connecting to wss://stream.binance.com:9443/ws", "module": "data_feed", "func": "connect", "line": 182}
{"ts": "2026-03-22T11:16:10.893950+00:00", "level": "INFO", "logger": "poly_screen", "message": "DeribitWS: Connecting to wss://www.deribit.com/ws/api/v2", "module": "data_feed", "func": "connect", "line": 283}
{"ts": "2026-03-22T11:16:11.359738+00:00", "level": "INFO", "logger": "poly_screen", "message": "BinanceWS: Connected", "module": "data_feed", "func": "connect", "line": 186}
{"ts": "2026-03-22T11:16:11.802563+00:00", "level": "INFO", "logger": "poly_screen", "message": "DeribitWS: Connected & Subscribed", "module": "data_feed", "func": "connect", "line": 306}
{"ts": "2026-03-22T11:16:15.876255+00:00", "level": "INFO", "logger": "poly_screen", "message": "BinanceWS: Subscribed to ['btcusdt@kline_1m', 'ethusdt@kline_1m']", "module": "data_feed", "func": "subscribe", "line": 175}
{"ts": "2026-03-22T11:16:15.877255+00:00", "level": "INFO", "logger": "poly_screen", "message": "Monitoring feeds for 10 seconds...", "module": "test_live_data", "func": "test_live_feeds", "line": 33}
{"ts": "2026-03-22T11:16:15.883844+00:00", "level": "INFO", "logger": "poly_screen", "message": "Snapshot [BTC]: Price=None, Vol=None", "module": "test_live_data", "func": "test_live_feeds", "line": 38}
{"ts": "2026-03-22T11:16:15.884837+00:00", "level": "INFO", "logger": "poly_screen", "message": "Snapshot [ETH]: Price=None, Vol=None", "module": "test_live_data", "func": "test_live_feeds", "line": 39}
{"ts": "2026-03-22T11:16:15.888848+00:00", "level": "INFO", "logger": "poly_screen", "message": "Status: BinanceWS=True, DeribitWS=True", "module": "test_live_data", "func": "test_live_feeds", "line": 40}
{"ts": "2026-03-22T11:16:18.890586+00:00", "level": "INFO", "logger": "poly_screen", "message": "Snapshot [BTC]: Price=None, Vol=None", "module": "test_live_data", "func": "test_live_feeds", "line": 38}
{"ts": "2026-03-22T11:16:18.891676+00:00", "level": "INFO", "logger": "poly_screen", "message": "Snapshot [ETH]: Price=None, Vol=None", "module": "test_live_data", "func": "test_live_feeds", "line": 39}
{"ts": "2026-03-22T11:16:18.891676+00:00", "level": "INFO", "logger": "poly_screen", "message": "Status: BinanceWS=True, DeribitWS=True", "module": "test_live_data", "func": "test_live_feeds", "line": 40}
{"ts": "2026-03-22T11:16:21.905433+00:00", "level": "INFO", "logger": "poly_screen", "message": "Snapshot [BTC]: Price=None, Vol=None", "module": "test_live_data", "func": "test_live_feeds", "line": 38}
{"ts": "2026-03-22T11:16:21.906926+00:00", "level": "INFO", "logger": "poly_screen", "message": "Snapshot [ETH]: Price=None, Vol=None", "module": "test_live_data", "func": "test_live_feeds", "line": 39}
{"ts": "2026-03-22T11:16:21.907924+00:00", "level": "INFO", "logger": "poly_screen", "message": "Status: BinanceWS=True, DeribitWS=True", "module": "test_live_data", "func": "test_live_feeds", "line": 40}
{"ts": "2026-03-22T11:16:24.908475+00:00", "level": "INFO", "logger": "poly_screen", "message": "Snapshot [BTC]: Price=None, Vol=None", "module": "test_live_data", "func": "test_live_feeds", "line": 38}
{"ts": "2026-03-22T11:16:24.909481+00:00", "level": "INFO", "logger": "poly_screen", "message": "Snapshot [ETH]: Price=None, Vol=None", "module": "test_live_data", "func": "test_live_feeds", "line": 39}
{"ts": "2026-03-22T11:16:24.910480+00:00", "level": "INFO", "logger": "poly_screen", "message": "Status: BinanceWS=True, DeribitWS=True", "module": "test_live_data", "func": "test_live_feeds", "line": 40}
{"ts": "2026-03-22T11:16:27.928392+00:00", "level": "INFO", "logger": "poly_screen", "message": "Snapshot [BTC]: Price=None, Vol=None", "module": "test_live_data", "func": "test_live_feeds", "line": 38}
{"ts": "2026-03-22T11:16:27.929392+00:00", "level": "INFO", "logger": "poly_screen", "message": "Snapshot [ETH]: Price=None, Vol=None", "module": "test_live_data", "func": "test_live_feeds", "line": 39}
{"ts": "2026-03-22T11:16:27.930398+00:00", "level": "INFO", "logger": "poly_screen", "message": "Status: BinanceWS=True, DeribitWS=True", "module": "test_live_data", "func": "test_live_feeds", "line": 40}
{"ts": "2026-03-22T11:16:30.940642+00:00", "level": "INFO", "logger": "poly_screen", "message": "Verification Test Complete.", "module": "test_live_data", "func": "test_live_feeds", "line": 49}
{"ts": "2026-03-22T11:16:44.952223+00:00", "level": "INFO", "logger": "poly_screen", "message": "Starting Live Feed Verification Test...", "module": "test_live_data", "func": "test_live_feeds", "line": 8}
{"ts": "2026-03-22T11:16:44.953739+00:00", "level": "INFO", "logger": "poly_screen", "message": "Aggregator: registered [BinanceWS]", "module": "feed_aggregator", "func": "register", "line": 55}
{"ts": "2026-03-22T11:16:44.954730+00:00", "level": "INFO", "logger": "poly_screen", "message": "Aggregator: registered [DeribitWS]", "module": "feed_aggregator", "func": "register", "line": 55}
{"ts": "2026-03-22T11:16:44.955231+00:00", "level": "INFO", "logger": "poly_screen", "message": "Waiting for connections...", "module": "test_live_data", "func": "test_live_feeds", "line": 25}
{"ts": "2026-03-22T11:16:44.957351+00:00", "level": "INFO", "logger": "poly_screen", "message": "BinanceWS: Connecting to wss://stream.binance.com:9443/ws", "module": "data_feed", "func": "connect", "line": 182}
{"ts": "2026-03-22T11:16:44.976047+00:00", "level": "INFO", "logger": "poly_screen", "message": "DeribitWS: Connecting to wss://www.deribit.com/ws/api/v2", "module": "data_feed", "func": "connect", "line": 283}
{"ts": "2026-03-22T11:16:45.417736+00:00", "level": "INFO", "logger": "poly_screen", "message": "BinanceWS: Connected", "module": "data_feed", "func": "connect", "line": 186}
{"ts": "2026-03-22T11:16:45.882557+00:00", "level": "INFO", "logger": "poly_screen", "message": "DeribitWS: Connected & Subscribed", "module": "data_feed", "func": "connect", "line": 306}
{"ts": "2026-03-22T11:16:49.971303+00:00", "level": "INFO", "logger": "poly_screen", "message": "BinanceWS: Subscribed to ['btcusdt@kline_1m', 'ethusdt@kline_1m']", "module": "data_feed", "func": "subscribe", "line": 175}
{"ts": "2026-03-22T11:16:49.972313+00:00", "level": "INFO", "logger": "poly_screen", "message": "Monitoring feeds for 10 seconds...", "module": "test_live_data", "func": "test_live_feeds", "line": 33}
{"ts": "2026-03-22T11:16:49.978367+00:00", "level": "INFO", "logger": "poly_screen", "message": "Snapshot [BTC]: Price=None, Vol=None", "module": "test_live_data", "func": "test_live_feeds", "line": 38}
{"ts": "2026-03-22T11:16:49.979367+00:00", "level": "INFO", "logger": "poly_screen", "message": "Snapshot [ETH]: Price=None, Vol=None", "module": "test_live_data", "func": "test_live_feeds", "line": 39}
{"ts": "2026-03-22T11:16:49.980392+00:00", "level": "INFO", "logger": "poly_screen", "message": "Status: BinanceWS=True, DeribitWS=True", "module": "test_live_data", "func": "test_live_feeds", "line": 40}
{"ts": "2026-03-22T11:16:52.989946+00:00", "level": "INFO", "logger": "poly_screen", "message": "Snapshot [BTC]: Price=None, Vol=None", "module": "test_live_data", "func": "test_live_feeds", "line": 38}
{"ts": "2026-03-22T11:16:52.991453+00:00", "level": "INFO", "logger": "poly_screen", "message": "Snapshot [ETH]: Price=None, Vol=None", "module": "test_live_data", "func": "test_live_feeds", "line": 39}
{"ts": "2026-03-22T11:16:52.992933+00:00", "level": "INFO", "logger": "poly_screen", "message": "Status: BinanceWS=True, DeribitWS=True", "module": "test_live_data", "func": "test_live_feeds", "line": 40}
{"ts": "2026-03-22T11:16:55.996870+00:00", "level": "INFO", "logger": "poly_screen", "message": "Snapshot [BTC]: Price=None, Vol=None", "module": "test_live_data", "func": "test_live_feeds", "line": 38}
{"ts": "2026-03-22T11:16:55.997874+00:00", "level": "INFO", "logger": "poly_screen", "message": "Snapshot [ETH]: Price=None, Vol=None", "module": "test_live_data", "func": "test_live_feeds", "line": 39}
{"ts": "2026-03-22T11:16:55.998374+00:00", "level": "INFO", "logger": "poly_screen", "message": "Status: BinanceWS=True, DeribitWS=True", "module": "test_live_data", "func": "test_live_feeds", "line": 40}
{"ts": "2026-03-22T11:16:59.013795+00:00", "level": "INFO", "logger": "poly_screen", "message": "Snapshot [BTC]: Price=None, Vol=None", "module": "test_live_data", "func": "test_live_feeds", "line": 38}
{"ts": "2026-03-22T11:16:59.014796+00:00", "level": "INFO", "logger": "poly_screen", "message": "Snapshot [ETH]: Price=None, Vol=None", "module": "test_live_data", "func": "test_live_feeds", "line": 39}
{"ts": "2026-03-22T11:16:59.015296+00:00", "level": "INFO", "logger": "poly_screen", "message": "Status: BinanceWS=True, DeribitWS=True", "module": "test_live_data", "func": "test_live_feeds", "line": 40}
{"ts": "2026-03-22T11:17:02.027158+00:00", "level": "INFO", "logger": "poly_screen", "message": "Snapshot [BTC]: Price=None, Vol=None", "module": "test_live_data", "func": "test_live_feeds", "line": 38}
{"ts": "2026-03-22T11:17:02.028654+00:00", "level": "INFO", "logger": "poly_screen", "message": "Snapshot [ETH]: Price=None, Vol=None", "module": "test_live_data", "func": "test_live_feeds", "line": 39}
{"ts": "2026-03-22T11:17:02.029660+00:00", "level": "INFO", "logger": "poly_screen", "message": "Status: BinanceWS=True, DeribitWS=True", "module": "test_live_data", "func": "test_live_feeds", "line": 40}
{"ts": "2026-03-22T11:17:05.035873+00:00", "level": "INFO", "logger": "poly_screen", "message": "Verification Test Complete.", "module": "test_live_data", "func": "test_live_feeds", "line": 49}
{"ts": "2026-03-30T09:45:32.978182+00:00", "level": "INFO", "logger": "poly_screen", "message": "Starting Alpha Filtering Verification...", "module": "test_alpha_signals", "func": "test_alpha_filtering", "line": 9}
{"ts": "2026-03-30T09:45:32.978182+00:00", "level": "INFO", "logger": "poly_screen", "message": "Market Screener started (min_edge=1.0%)", "module": "signal_engine", "func": "start", "line": 37}
{"ts": "2026-03-30T09:45:32.984745+00:00", "level": "INFO", "logger": "poly_screen", "message": "Screener SIGNAL: BUY_YES BTC-ALPH... edge=43.5% score=64.3 alloc=5.0% ($500)", "module": "signal_engine", "func": "_emit_signal", "line": 140}
{"ts": "2026-03-30T09:45:32.986270+00:00", "level": "INFO", "logger": "poly_screen", "message": "Screener SIGNAL: BUY_YES BTC-ALPH... edge=43.5% score=64.3 alloc=5.0% ($500)", "module": "signal_engine", "func": "_emit_signal", "line": 140}
{"ts": "2026-03-30T09:45:32.988266+00:00", "level": "INFO", "logger": "poly_screen", "message": "Screener SIGNAL: BUY_YES BTC-ALPH... edge=43.5% score=64.3 alloc=5.0% ($500)", "module": "signal_engine", "func": "_emit_signal", "line": 140}
{"ts": "2026-03-30T09:45:32.989271+00:00", "level": "INFO", "logger": "poly_screen", "message": "Screener SIGNAL: BUY_YES BTC-ALPH... edge=43.5% score=64.3 alloc=5.0% ($500)", "module": "signal_engine", "func": "_emit_signal", "line": 140}
{"ts": "2026-03-30T09:45:32.991810+00:00", "level": "INFO", "logger": "poly_screen", "message": "Screener SIGNAL: BUY_YES BTC-ALPH... edge=43.5% score=64.3 alloc=5.0% ($500)", "module": "signal_engine", "func": "_emit_signal", "line": 140}
{"ts": "2026-03-30T09:45:32.992809+00:00", "level": "INFO", "logger": "poly_screen", "message": "Screener SIGNAL: BUY_YES BTC-ALPH... edge=43.5% score=64.3 alloc=5.0% ($500)", "module": "signal_engine", "func": "_emit_signal", "line": 140}
{"ts": "2026-03-30T09:45:32.993321+00:00", "level": "INFO", "logger": "poly_screen", "message": "Screener SIGNAL: BUY_YES BTC-ALPH... edge=43.5% score=64.3 alloc=5.0% ($500)", "module": "signal_engine", "func": "_emit_signal", "line": 140}
{"ts": "2026-03-30T09:45:32.994868+00:00", "level": "INFO", "logger": "poly_screen", "message": "Screener SIGNAL: BUY_YES BTC-ALPH... edge=43.5% score=64.3 alloc=5.0% ($500)", "module": "signal_engine", "func": "_emit_signal", "line": 140}
{"ts": "2026-03-30T09:45:32.995884+00:00", "level": "INFO", "logger": "poly_screen", "message": "Screener SIGNAL: BUY_YES BTC-ALPH... edge=43.5% score=64.3 alloc=5.0% ($500)", "module": "signal_engine", "func": "_emit_signal", "line": 140}
{"ts": "2026-03-30T09:45:33.002117+00:00", "level": "INFO", "logger": "poly_screen", "message": "Screener SIGNAL: BUY_YES BTC-ALPH... edge=43.5% score=64.3 alloc=5.0% ($500)", "module": "signal_engine", "func": "_emit_signal", "line": 140}
{"ts": "2026-03-30T09:45:33.003115+00:00", "level": "INFO", "logger": "poly_screen", "message": "Screener SIGNAL: BUY_YES BTC-ALPH... edge=43.5% score=64.3 alloc=5.0% ($500)", "module": "signal_engine", "func": "_emit_signal", "line": 140}
{"ts": "2026-03-30T09:45:33.004641+00:00", "level": "INFO", "logger": "poly_screen", "message": "Screener SIGNAL: BUY_YES BTC-ALPH... edge=43.5% score=64.3 alloc=5.0% ($500)", "module": "signal_engine", "func": "_emit_signal", "line": 140}
{"ts": "2026-03-30T09:45:33.121637+00:00", "level": "INFO", "logger": "poly_screen", "message": "[OK] Balanced case produced signal.", "module": "test_alpha_signals", "func": "test_alpha_filtering", "line": 37}
{"ts": "2026-03-30T09:45:33.228183+00:00", "level": "INFO", "logger": "poly_screen", "message": "[OK] Imbalance filter suppressed signal.", "module": "test_alpha_signals", "func": "test_alpha_filtering", "line": 53}
{"ts": "2026-03-30T09:45:33.235385+00:00", "level": "INFO", "logger": "poly_screen", "message": "Screener SIGNAL: BUY_YES BTC-ALPH... edge=43.5% score=64.3 alloc=5.0% ($500)", "module": "signal_engine", "func": "_emit_signal", "line": 140}
{"ts": "2026-03-30T09:45:33.240908+00:00", "level": "INFO", "logger": "poly_screen", "message": "Screener SIGNAL: BUY_YES BTC-ALPH... edge=43.5% score=64.3 alloc=5.0% ($500)", "module": "signal_engine", "func": "_emit_signal", "line": 140}
{"ts": "2026-03-30T09:45:33.244985+00:00", "level": "INFO", "logger": "poly_screen", "message": "Screener SIGNAL: BUY_YES BTC-ALPH... edge=43.5% score=64.3 alloc=5.0% ($500)", "module": "signal_engine", "func": "_emit_signal", "line": 140}
{"ts": "2026-03-30T09:45:33.250056+00:00", "level": "INFO", "logger": "poly_screen", "message": "Screener SIGNAL: BUY_YES BTC-ALPH... edge=43.5% score=64.3 alloc=5.0% ($500)", "module": "signal_engine", "func": "_emit_signal", "line": 140}
{"ts": "2026-03-30T09:45:33.255066+00:00", "level": "INFO", "logger": "poly_screen", "message": "Screener SIGNAL: BUY_YES BTC-ALPH... edge=43.5% score=64.3 alloc=5.0% ($500)", "module": "signal_engine", "func": "_emit_signal", "line": 140}
{"ts": "2026-03-30T09:45:33.260291+00:00", "level": "INFO", "logger": "poly_screen", "message": "Screener SIGNAL: BUY_YES BTC-ALPH... edge=43.5% score=64.3 alloc=5.0% ($500)", "module": "signal_engine", "func": "_emit_signal", "line": 140}
{"ts": "2026-03-30T09:45:33.265339+00:00", "level": "INFO", "logger": "poly_screen", "message": "Screener SIGNAL: BUY_YES BTC-ALPH... edge=43.5% score=64.3 alloc=5.0% ($500)", "module": "signal_engine", "func": "_emit_signal", "line": 140}
{"ts": "2026-03-30T09:45:33.269324+00:00", "level": "INFO", "logger": "poly_screen", "message": "Screener SIGNAL: BUY_YES BTC-ALPH... edge=43.5% score=64.3 alloc=5.0% ($500)", "module": "signal_engine", "func": "_emit_signal", "line": 140}
{"ts": "2026-03-30T09:45:33.275331+00:00", "level": "INFO", "logger": "poly_screen", "message": "Screener SIGNAL: BUY_YES BTC-ALPH... edge=43.5% score=64.3 alloc=5.0% ($500)", "module": "signal_engine", "func": "_emit_signal", "line": 140}
{"ts": "2026-03-30T09:45:33.278324+00:00", "level": "INFO", "logger": "poly_screen", "message": "Screener SIGNAL: BUY_YES BTC-ALPH... edge=43.5% score=64.3 alloc=5.0% ($500)", "module": "signal_engine", "func": "_emit_signal", "line": 140}
{"ts": "2026-03-30T09:45:33.281850+00:00", "level": "INFO", "logger": "poly_screen", "message": "Screener SIGNAL: BUY_YES BTC-ALPH... edge=43.5% score=64.3 alloc=5.0% ($500)", "module": "signal_engine", "func": "_emit_signal", "line": 140}
{"ts": "2026-03-30T09:45:33.285359+00:00", "level": "INFO", "logger": "poly_screen", "message": "Screener SIGNAL: BUY_YES BTC-ALPH... edge=43.5% score=64.3 alloc=5.0% ($500)", "module": "signal_engine", "func": "_emit_signal", "line": 140}
{"ts": "2026-03-30T09:45:33.400626+00:00", "level": "INFO", "logger": "poly_screen", "message": "Alpha Verification Complete.", "module": "test_alpha_signals", "func": "test_alpha_filtering", "line": 75}
{"ts": "2026-03-30T09:45:42.135328+00:00", "level": "INFO", "logger": "poly_screen", "message": "Starting Dynamic Sizing Verification...", "module": "test_dynamic_sizing", "func": "test_dynamic_sizing", "line": 12}
{"ts": "2026-03-30T09:45:42.136334+00:00", "level": "INFO", "logger": "poly_screen", "message": "Market Screener started (min_edge=1.0%)", "module": "signal_engine", "func": "start", "line": 37}
{"ts": "2026-03-30T09:45:42.137333+00:00", "level": "DEBUG", "logger": "poly_screen", "message": "Sizing DEBUG: fair=0.89 mkt=0.49 full_k=0.77 score=58.35 mult=1.50 final=5.00%", "module": "signal_engine", "func": "_emit_signal", "line": 123}
{"ts": "2026-03-30T09:45:42.138335+00:00", "level": "INFO", "logger": "poly_screen", "message": "Screener SIGNAL: BUY_YES SIZE-TES... edge=39.5% score=58.4 alloc=5.0% ($500)", "module": "signal_engine", "func": "_emit_signal", "line": 140}
{"ts": "2026-03-30T09:45:42.140839+00:00", "level": "DEBUG", "logger": "poly_screen", "message": "Sizing DEBUG: fair=0.89 mkt=0.49 full_k=0.77 score=58.35 mult=1.50 final=5.00%", "module": "signal_engine", "func": "_emit_signal", "line": 123}
{"ts": "2026-03-30T09:45:42.140839+00:00", "level": "INFO", "logger": "poly_screen", "message": "Screener SIGNAL: BUY_YES SIZE-TES... edge=39.5% score=58.4 alloc=5.0% ($500)", "module": "signal_engine", "func": "_emit_signal", "line": 140}
{"ts": "2026-03-30T09:45:42.142443+00:00", "level": "DEBUG", "logger": "poly_screen", "message": "Sizing DEBUG: fair=0.89 mkt=0.49 full_k=0.77 score=58.35 mult=1.50 final=5.00%", "module": "signal_engine", "func": "_emit_signal", "line": 123}
{"ts": "2026-03-30T09:45:42.143448+00:00", "level": "INFO", "logger": "poly_screen", "message": "Screener SIGNAL: BUY_YES SIZE-TES... edge=39.5% score=58.4 alloc=5.0% ($500)", "module": "signal_engine", "func": "_emit_signal", "line": 140}
{"ts": "2026-03-30T09:45:42.144571+00:00", "level": "DEBUG", "logger": "poly_screen", "message": "Sizing DEBUG: fair=0.89 mkt=0.49 full_k=0.77 score=58.35 mult=1.50 final=5.00%", "module": "signal_engine", "func": "_emit_signal", "line": 123}
{"ts": "2026-03-30T09:45:42.145571+00:00", "level": "INFO", "logger": "poly_screen", "message": "Screener SIGNAL: BUY_YES SIZE-TES... edge=39.5% score=58.4 alloc=5.0% ($500)", "module": "signal_engine", "func": "_emit_signal", "line": 140}
{"ts": "2026-03-30T09:45:42.146570+00:00", "level": "DEBUG", "logger": "poly_screen", "message": "Sizing DEBUG: fair=0.89 mkt=0.49 full_k=0.77 score=58.35 mult=1.50 final=5.00%", "module": "signal_engine", "func": "_emit_signal", "line": 123}
{"ts": "2026-03-30T09:45:42.147633+00:00", "level": "INFO", "logger": "poly_screen", "message": "Screener SIGNAL: BUY_YES SIZE-TES... edge=39.5% score=58.4 alloc=5.0% ($500)", "module": "signal_engine", "func": "_emit_signal", "line": 140}
{"ts": "2026-03-30T09:45:42.147633+00:00", "level": "INFO", "logger": "poly_screen", "message": "Signal 1 (Base): $500.00", "module": "test_dynamic_sizing", "func": "test_dynamic_sizing", "line": 48}
{"ts": "2026-03-30T09:45:42.149163+00:00", "level": "DEBUG", "logger": "poly_screen", "message": "Sizing DEBUG: fair=0.89 mkt=0.49 full_k=0.77 score=97.85 mult=1.50 final=5.00%", "module": "signal_engine", "func": "_emit_signal", "line": 123}
{"ts": "2026-03-30T09:45:42.149674+00:00", "level": "INFO", "logger": "poly_screen", "message": "Screener SIGNAL: BUY_YES SIZE-TES... edge=39.5% score=97.9 alloc=5.0% ($500)", "module": "signal_engine", "func": "_emit_signal", "line": 140}
{"ts": "2026-03-30T09:45:42.150688+00:00", "level": "DEBUG", "logger": "poly_screen", "message": "Sizing DEBUG: fair=0.89 mkt=0.49 full_k=0.77 score=97.85 mult=1.50 final=5.00%", "module": "signal_engine", "func": "_emit_signal", "line": 123}
{"ts": "2026-03-30T09:45:42.151688+00:00", "level": "INFO", "logger": "poly_screen", "message": "Screener SIGNAL: BUY_YES SIZE-TES... edge=39.5% score=97.9 alloc=5.0% ($500)", "module": "signal_engine", "func": "_emit_signal", "line": 140}
{"ts": "2026-03-30T09:45:42.152682+00:00", "level": "DEBUG", "logger": "poly_screen", "message": "Sizing DEBUG: fair=0.89 mkt=0.49 full_k=0.77 score=97.85 mult=1.50 final=5.00%", "module": "signal_engine", "func": "_emit_signal", "line": 123}
{"ts": "2026-03-30T09:45:42.153684+00:00", "level": "INFO", "logger": "poly_screen", "message": "Screener SIGNAL: BUY_YES SIZE-TES... edge=39.5% score=97.9 alloc=5.0% ($500)", "module": "signal_engine", "func": "_emit_signal", "line": 140}
{"ts": "2026-03-30T09:45:42.155190+00:00", "level": "DEBUG", "logger": "poly_screen", "message": "Sizing DEBUG: fair=0.89 mkt=0.49 full_k=0.77 score=97.85 mult=1.50 final=5.00%", "module": "signal_engine", "func": "_emit_signal", "line": 123}
{"ts": "2026-03-30T09:45:42.156810+00:00", "level": "INFO", "logger": "poly_screen", "message": "Screener SIGNAL: BUY_YES SIZE-TES... edge=39.5% score=97.9 alloc=5.0% ($500)", "module": "signal_engine", "func": "_emit_signal", "line": 140}
{"ts": "2026-03-30T09:45:42.158465+00:00", "level": "DEBUG", "logger": "poly_screen", "message": "Sizing DEBUG: fair=0.89 mkt=0.49 full_k=0.77 score=97.85 mult=1.50 final=5.00%", "module": "signal_engine", "func": "_emit_signal", "line": 123}
{"ts": "2026-03-30T09:45:42.159473+00:00", "level": "INFO", "logger": "poly_screen", "message": "Screener SIGNAL: BUY_YES SIZE-TES... edge=39.5% score=97.9 alloc=5.0% ($500)", "module": "signal_engine", "func": "_emit_signal", "line": 140}
{"ts": "2026-03-30T09:45:42.159990+00:00", "level": "INFO", "logger": "poly_screen", "message": "Signal 2 (Liquid): $500.00", "module": "test_dynamic_sizing", "func": "test_dynamic_sizing", "line": 70}
{"ts": "2026-03-30T09:45:43.160248+00:00", "level": "INFO", "logger": "poly_screen", "message": "Starting Live Feed Verification Test...", "module": "test_live_data", "func": "test_live_feeds", "line": 8}
{"ts": "2026-03-30T09:45:43.171763+00:00", "level": "INFO", "logger": "poly_screen", "message": "Aggregator: registered [BinanceWS]", "module": "feed_aggregator", "func": "register", "line": 55}
{"ts": "2026-03-30T09:45:43.175761+00:00", "level": "INFO", "logger": "poly_screen", "message": "Aggregator: registered [DeribitWS]", "module": "feed_aggregator", "func": "register", "line": 55}
{"ts": "2026-03-30T09:45:43.182379+00:00", "level": "INFO", "logger": "poly_screen", "message": "Waiting for connections...", "module": "test_live_data", "func": "test_live_feeds", "line": 25}
{"ts": "2026-03-30T09:45:43.185186+00:00", "level": "INFO", "logger": "poly_screen", "message": "BinanceWS: Connecting to wss://stream.binance.com:9443/ws", "module": "data_feed", "func": "connect", "line": 182}
{"ts": "2026-03-30T09:45:43.276191+00:00", "level": "INFO", "logger": "poly_screen", "message": "DeribitWS: Connecting to wss://www.deribit.com/ws/api/v2", "module": "data_feed", "func": "connect", "line": 283}
{"ts": "2026-03-30T09:45:43.802131+00:00", "level": "INFO", "logger": "poly_screen", "message": "BinanceWS: Connected", "module": "data_feed", "func": "connect", "line": 186}
{"ts": "2026-03-30T09:45:44.282963+00:00", "level": "INFO", "logger": "poly_screen", "message": "DeribitWS: Connected & Subscribed", "module": "data_feed", "func": "connect", "line": 306}
{"ts": "2026-03-30T09:45:44.510622+00:00", "level": "DEBUG", "logger": "poly_screen", "message": "DeribitWS: Received 9098", "module": "data_feed", "func": "connect", "line": 311}
{"ts": "2026-03-30T09:45:44.524195+00:00", "level": "DEBUG", "logger": "poly_screen", "message": "DeribitWS: Received 1", "module": "data_feed", "func": "connect", "line": 311}
{"ts": "2026-03-30T09:45:44.719386+00:00", "level": "DEBUG", "logger": "poly_screen", "message": "DeribitWS: Received subscription", "module": "data_feed", "func": "connect", "line": 311}
{"ts": "2026-03-30T09:45:44.723297+00:00", "level": "DEBUG", "logger": "poly_screen", "message": "Aggregator: Merged update from source: deribit", "module": "feed_aggregator", "func": "_merge", "line": 150}
{"ts": "2026-03-30T09:45:44.730791+00:00", "level": "DEBUG", "logger": "poly_screen", "message": "DeribitWS: Received subscription", "module": "data_feed", "func": "connect", "line": 311}
{"ts": "2026-03-30T09:45:44.733482+00:00", "level": "DEBUG", "logger": "poly_screen", "message": "Aggregator: Merged update from source: deribit", "module": "feed_aggregator", "func": "_merge", "line": 150}
{"ts": "2026-03-30T09:45:44.738031+00:00", "level": "DEBUG", "logger": "poly_screen", "message": "DeribitWS: Received subscription", "module": "data_feed", "func": "connect", "line": 311}
{"ts": "2026-03-30T09:45:44.742844+00:00", "level": "DEBUG", "logger": "poly_screen", "message": "Aggregator: Merged update from source: deribit", "module": "feed_aggregator", "func": "_merge", "line": 150}
{"ts": "2026-03-30T09:45:45.289344+00:00", "level": "DEBUG", "logger": "poly_screen", "message": "DeribitWS: Received subscription", "module": "data_feed", "func": "connect", "line": 311}
{"ts": "2026-03-30T09:45:45.291340+00:00", "level": "DEBUG", "logger": "poly_screen", "message": "Aggregator: Merged update from source: deribit", "module": "feed_aggregator", "func": "_merge", "line": 150}
{"ts": "2026-03-30T09:45:46.298014+00:00", "level": "DEBUG", "logger": "poly_screen", "message": "DeribitWS: Received subscription", "module": "data_feed", "func": "connect", "line": 311}
{"ts": "2026-03-30T09:45:46.302060+00:00", "level": "DEBUG", "logger": "poly_screen", "message": "Aggregator: Merged update from source: deribit", "module": "feed_aggregator", "func": "_merge", "line": 150}
{"ts": "2026-03-30T09:45:46.537461+00:00", "level": "DEBUG", "logger": "poly_screen", "message": "DeribitWS: Received subscription", "module": "data_feed", "func": "connect", "line": 311}
{"ts": "2026-03-30T09:45:46.538459+00:00", "level": "DEBUG", "logger": "poly_screen", "message": "Aggregator: Merged update from source: deribit", "module": "feed_aggregator", "func": "_merge", "line": 150}
{"ts": "2026-03-30T09:45:47.305623+00:00", "level": "DEBUG", "logger": "poly_screen", "message": "DeribitWS: Received subscription", "module": "data_feed", "func": "connect", "line": 311}
{"ts": "2026-03-30T09:45:47.307284+00:00", "level": "DEBUG", "logger": "poly_screen", "message": "Aggregator: Merged update from source: deribit", "module": "feed_aggregator", "func": "_merge", "line": 150}
{"ts": "2026-03-30T09:45:47.543985+00:00", "level": "DEBUG", "logger": "poly_screen", "message": "DeribitWS: Received subscription", "module": "data_feed", "func": "connect", "line": 311}
{"ts": "2026-03-30T09:45:47.545662+00:00", "level": "DEBUG", "logger": "poly_screen", "message": "Aggregator: Merged update from source: deribit", "module": "feed_aggregator", "func": "_merge", "line": 150}
{"ts": "2026-03-30T09:45:48.190780+00:00", "level": "INFO", "logger": "poly_screen", "message": "BinanceWS: Subscribed to ['btcusdt@kline_1m', 'ethusdt@kline_1m']", "module": "data_feed", "func": "subscribe", "line": 175}
{"ts": "2026-03-30T09:45:48.193432+00:00", "level": "INFO", "logger": "poly_screen", "message": "Monitoring feeds for 10 seconds...", "module": "test_live_data", "func": "test_live_feeds", "line": 33}
{"ts": "2026-03-30T09:45:48.196902+00:00", "level": "WARNING", "logger": "poly_screen", "message": "Screener: Fair value calc failed for BTC: unsupported operand type(s) for /: 'NoneType' and 'float'", "module": "signal_engine", "func": "_process_snapshot", "line": 70}
{"ts": "2026-03-30T09:45:48.203170+00:00", "level": "WARNING", "logger": "poly_screen", "message": "Screener: Fair value calc failed for ETH: unsupported operand type(s) for /: 'NoneType' and 'float'", "module": "signal_engine", "func": "_process_snapshot", "line": 70}
{"ts": "2026-03-30T09:45:48.206702+00:00", "level": "INFO", "logger": "poly_screen", "message": "Snapshot [BTC]: Price=None, Vol=None", "module": "test_live_data", "func": "test_live_feeds", "line": 38}
{"ts": "2026-03-30T09:45:48.210319+00:00", "level": "INFO", "logger": "poly_screen", "message": "Snapshot [ETH]: Price=None, Vol=None", "module": "test_live_data", "func": "test_live_feeds", "line": 39}
{"ts": "2026-03-30T09:45:48.214418+00:00", "level": "INFO", "logger": "poly_screen", "message": "Status: BinanceWS=True, DeribitWS=True", "module": "test_live_data", "func": "test_live_feeds", "line": 40}
{"ts": "2026-03-30T09:45:48.311659+00:00", "level": "DEBUG", "logger": "poly_screen", "message": "DeribitWS: Received subscription", "module": "data_feed", "func": "connect", "line": 311}
{"ts": "2026-03-30T09:45:48.312662+00:00", "level": "DEBUG", "logger": "poly_screen", "message": "Aggregator: Merged update from source: deribit", "module": "feed_aggregator", "func": "_merge", "line": 150}
{"ts": "2026-03-30T09:45:48.371626+00:00", "level": "DEBUG", "logger": "poly_screen", "message": "BinanceWS: Received None", "module": "data_feed", "func": "connect", "line": 192}
{"ts": "2026-03-30T09:45:48.551641+00:00", "level": "DEBUG", "logger": "poly_screen", "message": "DeribitWS: Received subscription", "module": "data_feed", "func": "connect", "line": 311}
{"ts": "2026-03-30T09:45:48.552642+00:00", "level": "DEBUG", "logger": "poly_screen", "message": "Aggregator: Merged update from source: deribit", "module": "feed_aggregator", "func": "_merge", "line": 150}
{"ts": "2026-03-30T09:45:48.955780+00:00", "level": "DEBUG", "logger": "poly_screen", "message": "BinanceWS: Received kline", "module": "data_feed", "func": "connect", "line": 192}
{"ts": "2026-03-30T09:45:48.957445+00:00", "level": "DEBUG", "logger": "poly_screen", "message": "Aggregator: Merged update from source: binance", "module": "feed_aggregator", "func": "_merge", "line": 150}
{"ts": "2026-03-30T09:45:48.961546+00:00", "level": "DEBUG", "logger": "poly_screen", "message": "BinanceWS: Received kline", "module": "data_feed", "func": "connect", "line": 192}
{"ts": "2026-03-30T09:45:48.961546+00:00", "level": "DEBUG", "logger": "poly_screen", "message": "Aggregator: Merged update from source: binance", "module": "feed_aggregator", "func": "_merge", "line": 150}
{"ts": "2026-03-30T09:45:49.317519+00:00", "level": "DEBUG", "logger": "poly_screen", "message": "DeribitWS: Received subscription", "module": "data_feed", "func": "connect", "line": 311}
{"ts": "2026-03-30T09:45:49.317519+00:00", "level": "DEBUG", "logger": "poly_screen", "message": "Aggregator: Merged update from source: deribit", "module": "feed_aggregator", "func": "_merge", "line": 150}
{"ts": "2026-03-30T09:45:49.557911+00:00", "level": "DEBUG", "logger": "poly_screen", "message": "DeribitWS: Received subscription", "module": "data_feed", "func": "connect", "line": 311}
{"ts": "2026-03-30T09:45:49.560715+00:00", "level": "DEBUG", "logger": "poly_screen", "message": "Aggregator: Merged update from source: deribit", "module": "feed_aggregator", "func": "_merge", "line": 150}
{"ts": "2026-03-30T09:45:50.325471+00:00", "level": "DEBUG", "logger": "poly_screen", "message": "DeribitWS: Received subscription", "module": "data_feed", "func": "connect", "line": 311}
{"ts": "2026-03-30T09:45:50.327474+00:00", "level": "DEBUG", "logger": "poly_screen", "message": "Aggregator: Merged update from source: deribit", "module": "feed_aggregator", "func": "_merge", "line": 150}
{"ts": "2026-03-30T09:45:50.964215+00:00", "level": "DEBUG", "logger": "poly_screen", "message": "BinanceWS: Received kline", "module": "data_feed", "func": "connect", "line": 192}
{"ts": "2026-03-30T09:45:50.965301+00:00", "level": "DEBUG", "logger": "poly_screen", "message": "Aggregator: Merged update from source: binance", "module": "feed_aggregator", "func": "_merge", "line": 150}
{"ts": "2026-03-30T09:45:50.966305+00:00", "level": "DEBUG", "logger": "poly_screen", "message": "BinanceWS: Received kline", "module": "data_feed", "func": "connect", "line": 192}
{"ts": "2026-03-30T09:45:50.967294+00:00", "level": "DEBUG", "logger": "poly_screen", "message": "Aggregator: Merged update from source: binance", "module": "feed_aggregator", "func": "_merge", "line": 150}
{"ts": "2026-03-30T09:45:51.212699+00:00", "level": "WARNING", "logger": "poly_screen", "message": "Screener: Fair value calc failed for BTC: unsupported operand type(s) for /: 'NoneType' and 'float'", "module": "signal_engine", "func": "_process_snapshot", "line": 70}
{"ts": "2026-03-30T09:45:51.213679+00:00", "level": "WARNING", "logger": "poly_screen", "message": "Screener: Fair value calc failed for ETH: unsupported operand type(s) for /: 'NoneType' and 'float'", "module": "signal_engine", "func": "_process_snapshot", "line": 70}
{"ts": "2026-03-30T09:45:51.214676+00:00", "level": "INFO", "logger": "poly_screen", "message": "Snapshot [BTC]: Price=None, Vol=None", "module": "test_live_data", "func": "test_live_feeds", "line": 38}
{"ts": "2026-03-30T09:45:51.215758+00:00", "level": "INFO", "logger": "poly_screen", "message": "Snapshot [ETH]: Price=None, Vol=None", "module": "test_live_data", "func": "test_live_feeds", "line": 39}
{"ts": "2026-03-30T09:45:51.216716+00:00", "level": "INFO", "logger": "poly_screen", "message": "Status: BinanceWS=True, DeribitWS=True", "module": "test_live_data", "func": "test_live_feeds", "line": 40}
{"ts": "2026-03-30T09:45:51.335360+00:00", "level": "DEBUG", "logger": "poly_screen", "message": "DeribitWS: Received subscription", "module": "data_feed", "func": "connect", "line": 311}
{"ts": "2026-03-30T09:45:51.337473+00:00", "level": "DEBUG", "logger": "poly_screen", "message": "Aggregator: Merged update from source: deribit", "module": "feed_aggregator", "func": "_merge", "line": 150}
{"ts": "2026-03-30T09:45:51.572602+00:00", "level": "DEBUG", "logger": "poly_screen", "message": "DeribitWS: Received subscription", "module": "data_feed", "func": "connect", "line": 311}
{"ts": "2026-03-30T09:45:51.572602+00:00", "level": "DEBUG", "logger": "poly_screen", "message": "Aggregator: Merged update from source: deribit", "module": "feed_aggregator", "func": "_merge", "line": 150}
{"ts": "2026-03-30T09:45:52.578697+00:00", "level": "DEBUG", "logger": "poly_screen", "message": "DeribitWS: Received subscription", "module": "data_feed", "func": "connect", "line": 311}
{"ts": "2026-03-30T09:45:52.580278+00:00", "level": "DEBUG", "logger": "poly_screen", "message": "Aggregator: Merged update from source: deribit", "module": "feed_aggregator", "func": "_merge", "line": 150}
{"ts": "2026-03-30T09:45:52.945978+00:00", "level": "DEBUG", "logger": "poly_screen", "message": "BinanceWS: Received kline", "module": "data_feed", "func": "connect", "line": 192}
{"ts": "2026-03-30T09:45:52.947058+00:00", "level": "DEBUG", "logger": "poly_screen", "message": "Aggregator: Merged update from source: binance", "module": "feed_aggregator", "func": "_merge", "line": 150}
{"ts": "2026-03-30T09:45:52.947650+00:00", "level": "DEBUG", "logger": "poly_screen", "message": "BinanceWS: Received kline", "module": "data_feed", "func": "connect", "line": 192}
{"ts": "2026-03-30T09:45:52.949837+00:00", "level": "DEBUG", "logger": "poly_screen", "message": "Aggregator: Merged update from source: binance", "module": "feed_aggregator", "func": "_merge", "line": 150}
{"ts": "2026-03-30T09:45:53.350462+00:00", "level": "DEBUG", "logger": "poly_screen", "message": "DeribitWS: Received subscription", "module": "data_feed", "func": "connect", "line": 311}
{"ts": "2026-03-30T09:45:53.351463+00:00", "level": "DEBUG", "logger": "poly_screen", "message": "Aggregator: Merged update from source: deribit", "module": "feed_aggregator", "func": "_merge", "line": 150}
{"ts": "2026-03-30T09:45:53.585516+00:00", "level": "DEBUG", "logger": "poly_screen", "message": "DeribitWS: Received subscription", "module": "data_feed", "func": "connect", "line": 311}
{"ts": "2026-03-30T09:45:53.585516+00:00", "level": "DEBUG", "logger": "poly_screen", "message": "Aggregator: Merged update from source: deribit", "module": "feed_aggregator", "func": "_merge", "line": 150}
{"ts": "2026-03-30T09:45:54.246631+00:00", "level": "WARNING", "logger": "poly_screen", "message": "Screener: Fair value calc failed for BTC: unsupported operand type(s) for /: 'NoneType' and 'float'", "module": "signal_engine", "func": "_process_snapshot", "line": 70}
{"ts": "2026-03-30T09:45:54.252220+00:00", "level": "WARNING", "logger": "poly_screen", "message": "Screener: Fair value calc failed for ETH: unsupported operand type(s) for /: 'NoneType' and 'float'", "module": "signal_engine", "func": "_process_snapshot", "line": 70}
{"ts": "2026-03-30T09:45:54.253239+00:00", "level": "INFO", "logger": "poly_screen", "message": "Snapshot [BTC]: Price=None, Vol=None", "module": "test_live_data", "func": "test_live_feeds", "line": 38}
{"ts": "2026-03-30T09:45:54.254278+00:00", "level": "INFO", "logger": "poly_screen", "message": "Snapshot [ETH]: Price=None, Vol=None", "module": "test_live_data", "func": "test_live_feeds", "line": 39}
{"ts": "2026-03-30T09:45:54.255362+00:00", "level": "INFO", "logger": "poly_screen", "message": "Status: BinanceWS=True, DeribitWS=True", "module": "test_live_data", "func": "test_live_feeds", "line": 40}
{"ts": "2026-03-30T09:45:54.356968+00:00", "level": "DEBUG", "logger": "poly_screen", "message": "DeribitWS: Received subscription", "module": "data_feed", "func": "connect", "line": 311}
{"ts": "2026-03-30T09:45:54.358522+00:00", "level": "DEBUG", "logger": "poly_screen", "message": "Aggregator: Merged update from source: deribit", "module": "feed_aggregator", "func": "_merge", "line": 150}
{"ts": "2026-03-30T09:45:54.945215+00:00", "level": "DEBUG", "logger": "poly_screen", "message": "BinanceWS: Received kline", "module": "data_feed", "func": "connect", "line": 192}
{"ts": "2026-03-30T09:45:54.950056+00:00", "level": "DEBUG", "logger": "poly_screen", "message": "Aggregator: Merged update from source: binance", "module": "feed_aggregator", "func": "_merge", "line": 150}
{"ts": "2026-03-30T09:45:54.953576+00:00", "level": "WARNING", "logger": "poly_screen", "message": "Screener: Fair value calc failed for ETH: unsupported operand type(s) for /: 'NoneType' and 'float'", "module": "signal_engine", "func": "_process_snapshot", "line": 70}
{"ts": "2026-03-30T09:45:55.364936+00:00", "level": "DEBUG", "logger": "poly_screen", "message": "DeribitWS: Received subscription", "module": "data_feed", "func": "connect", "line": 311}
{"ts": "2026-03-30T09:45:55.368028+00:00", "level": "DEBUG", "logger": "poly_screen", "message": "Aggregator: Merged update from source: deribit", "module": "feed_aggregator", "func": "_merge", "line": 150}
{"ts": "2026-03-30T09:45:55.600794+00:00", "level": "DEBUG", "logger": "poly_screen", "message": "DeribitWS: Received subscription", "module": "data_feed", "func": "connect", "line": 311}
{"ts": "2026-03-30T09:45:55.602496+00:00", "level": "DEBUG", "logger": "poly_screen", "message": "Aggregator: Merged update from source: deribit", "module": "feed_aggregator", "func": "_merge", "line": 150}
{"ts": "2026-03-30T09:45:56.375283+00:00", "level": "DEBUG", "logger": "poly_screen", "message": "DeribitWS: Received subscription", "module": "data_feed", "func": "connect", "line": 311}
{"ts": "2026-03-30T09:45:56.378281+00:00", "level": "DEBUG", "logger": "poly_screen", "message": "Aggregator: Merged update from source: deribit", "module": "feed_aggregator", "func": "_merge", "line": 150}
{"ts": "2026-03-30T09:45:56.608645+00:00", "level": "DEBUG", "logger": "poly_screen", "message": "DeribitWS: Received subscription", "module": "data_feed", "func": "connect", "line": 311}
{"ts": "2026-03-30T09:45:56.610229+00:00", "level": "DEBUG", "logger": "poly_screen", "message": "Aggregator: Merged update from source: deribit", "module": "feed_aggregator", "func": "_merge", "line": 150}
{"ts": "2026-03-30T09:45:56.949406+00:00", "level": "DEBUG", "logger": "poly_screen", "message": "BinanceWS: Received kline", "module": "data_feed", "func": "connect", "line": 192}
{"ts": "2026-03-30T09:45:56.952330+00:00", "level": "DEBUG", "logger": "poly_screen", "message": "Aggregator: Merged update from source: binance", "module": "feed_aggregator", "func": "_merge", "line": 150}
{"ts": "2026-03-30T09:45:56.960081+00:00", "level": "DEBUG", "logger": "poly_screen", "message": "BinanceWS: Received kline", "module": "data_feed", "func": "connect", "line": 192}
{"ts": "2026-03-30T09:45:56.963182+00:00", "level": "DEBUG", "logger": "poly_screen", "message": "Aggregator: Merged update from source: binance", "module": "feed_aggregator", "func": "_merge", "line": 150}
{"ts": "2026-03-30T09:45:57.270458+00:00", "level": "WARNING", "logger": "poly_screen", "message": "Screener: Fair value calc failed for BTC: unsupported operand type(s) for /: 'NoneType' and 'float'", "module": "signal_engine", "func": "_process_snapshot", "line": 70}
{"ts": "2026-03-30T09:45:57.273450+00:00", "level": "WARNING", "logger": "poly_screen", "message": "Screener: Fair value calc failed for ETH: unsupported operand type(s) for /: 'NoneType' and 'float'", "module": "signal_engine", "func": "_process_snapshot", "line": 70}
{"ts": "2026-03-30T09:45:57.276450+00:00", "level": "INFO", "logger": "poly_screen", "message": "Snapshot [BTC]: Price=None, Vol=None", "module": "test_live_data", "func": "test_live_feeds", "line": 38}
{"ts": "2026-03-30T09:45:57.278444+00:00", "level": "INFO", "logger": "poly_screen", "message": "Snapshot [ETH]: Price=None, Vol=None", "module": "test_live_data", "func": "test_live_feeds", "line": 39}
{"ts": "2026-03-30T09:45:57.279958+00:00", "level": "INFO", "logger": "poly_screen", "message": "Status: BinanceWS=True, DeribitWS=True", "module": "test_live_data", "func": "test_live_feeds", "line": 40}
{"ts": "2026-03-30T09:45:57.376972+00:00", "level": "DEBUG", "logger": "poly_screen", "message": "DeribitWS: Received subscription", "module": "data_feed", "func": "connect", "line": 311}
{"ts": "2026-03-30T09:45:57.378974+00:00", "level": "DEBUG", "logger": "poly_screen", "message": "Aggregator: Merged update from source: deribit", "module": "feed_aggregator", "func": "_merge", "line": 150}
{"ts": "2026-03-30T09:45:58.385074+00:00", "level": "DEBUG", "logger": "poly_screen", "message": "DeribitWS: Received subscription", "module": "data_feed", "func": "connect", "line": 311}
{"ts": "2026-03-30T09:45:58.386582+00:00", "level": "DEBUG", "logger": "poly_screen", "message": "Aggregator: Merged update from source: deribit", "module": "feed_aggregator", "func": "_merge", "line": 150}
{"ts": "2026-03-30T09:45:58.627547+00:00", "level": "DEBUG", "logger": "poly_screen", "message": "DeribitWS: Received subscription", "module": "data_feed", "func": "connect", "line": 311}
{"ts": "2026-03-30T09:45:58.630129+00:00", "level": "DEBUG", "logger": "poly_screen", "message": "Aggregator: Merged update from source: deribit", "module": "feed_aggregator", "func": "_merge", "line": 150}
{"ts": "2026-03-30T09:45:58.944680+00:00", "level": "DEBUG", "logger": "poly_screen", "message": "BinanceWS: Received kline", "module": "data_feed", "func": "connect", "line": 192}
{"ts": "2026-03-30T09:45:58.948707+00:00", "level": "DEBUG", "logger": "poly_screen", "message": "Aggregator: Merged update from source: binance", "module": "feed_aggregator", "func": "_merge", "line": 150}
{"ts": "2026-03-30T09:45:59.392963+00:00", "level": "DEBUG", "logger": "poly_screen", "message": "DeribitWS: Received subscription", "module": "data_feed", "func": "connect", "line": 311}
{"ts": "2026-03-30T09:45:59.395988+00:00", "level": "DEBUG", "logger": "poly_screen", "message": "Aggregator: Merged update from source: deribit", "module": "feed_aggregator", "func": "_merge", "line": 150}
{"ts": "2026-03-30T09:45:59.627751+00:00", "level": "DEBUG", "logger": "poly_screen", "message": "DeribitWS: Received subscription", "module": "data_feed", "func": "connect", "line": 311}
{"ts": "2026-03-30T09:45:59.628749+00:00", "level": "DEBUG", "logger": "poly_screen", "message": "Aggregator: Merged update from source: deribit", "module": "feed_aggregator", "func": "_merge", "line": 150}
{"ts": "2026-03-30T09:46:00.291668+00:00", "level": "WARNING", "logger": "poly_screen", "message": "Screener: Fair value calc failed for BTC: unsupported operand type(s) for /: 'NoneType' and 'float'", "module": "signal_engine", "func": "_process_snapshot", "line": 70}
{"ts": "2026-03-30T09:46:00.293918+00:00", "level": "WARNING", "logger": "poly_screen", "message": "Screener: Fair value calc failed for ETH: unsupported operand type(s) for /: 'NoneType' and 'float'", "module": "signal_engine", "func": "_process_snapshot", "line": 70}
{"ts": "2026-03-30T09:46:00.295925+00:00", "level": "INFO", "logger": "poly_screen", "message": "Snapshot [BTC]: Price=None, Vol=None", "module": "test_live_data", "func": "test_live_feeds", "line": 38}
{"ts": "2026-03-30T09:46:00.297429+00:00", "level": "INFO", "logger": "poly_screen", "message": "Snapshot [ETH]: Price=None, Vol=None", "module": "test_live_data", "func": "test_live_feeds", "line": 39}
{"ts": "2026-03-30T09:46:00.298434+00:00", "level": "INFO", "logger": "poly_screen", "message": "Status: BinanceWS=True, DeribitWS=True", "module": "test_live_data", "func": "test_live_feeds", "line": 40}
{"ts": "2026-03-30T09:46:00.399446+00:00", "level": "DEBUG", "logger": "poly_screen", "message": "DeribitWS: Received subscription", "module": "data_feed", "func": "connect", "line": 311}
{"ts": "2026-03-30T09:46:00.401457+00:00", "level": "DEBUG", "logger": "poly_screen", "message": "Aggregator: Merged update from source: deribit", "module": "feed_aggregator", "func": "_merge", "line": 150}
{"ts": "2026-03-30T09:46:00.636983+00:00", "level": "DEBUG", "logger": "poly_screen", "message": "DeribitWS: Received subscription", "module": "data_feed", "func": "connect", "line": 311}
{"ts": "2026-03-30T09:46:00.640983+00:00", "level": "DEBUG", "logger": "poly_screen", "message": "Aggregator: Merged update from source: deribit", "module": "feed_aggregator", "func": "_merge", "line": 150}
{"ts": "2026-03-30T09:46:00.957008+00:00", "level": "DEBUG", "logger": "poly_screen", "message": "BinanceWS: Received kline", "module": "data_feed", "func": "connect", "line": 192}
{"ts": "2026-03-30T09:46:00.961549+00:00", "level": "DEBUG", "logger": "poly_screen", "message": "Aggregator: Merged update from source: binance", "module": "feed_aggregator", "func": "_merge", "line": 150}
{"ts": "2026-03-30T09:46:00.966192+00:00", "level": "DEBUG", "logger": "poly_screen", "message": "BinanceWS: Received kline", "module": "data_feed", "func": "connect", "line": 192}
{"ts": "2026-03-30T09:46:00.968744+00:00", "level": "DEBUG", "logger": "poly_screen", "message": "Aggregator: Merged update from source: binance", "module": "feed_aggregator", "func": "_merge", "line": 150}
{"ts": "2026-03-30T09:46:01.406993+00:00", "level": "DEBUG", "logger": "poly_screen", "message": "DeribitWS: Received subscription", "module": "data_feed", "func": "connect", "line": 311}
{"ts": "2026-03-30T09:46:01.408090+00:00", "level": "DEBUG", "logger": "poly_screen", "message": "Aggregator: Merged update from source: deribit", "module": "feed_aggregator", "func": "_merge", "line": 150}
{"ts": "2026-03-30T09:46:02.413165+00:00", "level": "DEBUG", "logger": "poly_screen", "message": "DeribitWS: Received subscription", "module": "data_feed", "func": "connect", "line": 311}
{"ts": "2026-03-30T09:46:02.415256+00:00", "level": "DEBUG", "logger": "poly_screen", "message": "Aggregator: Merged update from source: deribit", "module": "feed_aggregator", "func": "_merge", "line": 150}
{"ts": "2026-03-30T09:46:02.974973+00:00", "level": "DEBUG", "logger": "poly_screen", "message": "BinanceWS: Received kline", "module": "data_feed", "func": "connect", "line": 192}
{"ts": "2026-03-30T09:46:02.976968+00:00", "level": "DEBUG", "logger": "poly_screen", "message": "Aggregator: Merged update from source: binance", "module": "feed_aggregator", "func": "_merge", "line": 150}
{"ts": "2026-03-30T09:46:02.980519+00:00", "level": "DEBUG", "logger": "poly_screen", "message": "BinanceWS: Received kline", "module": "data_feed", "func": "connect", "line": 192}
{"ts": "2026-03-30T09:46:02.983020+00:00", "level": "DEBUG", "logger": "poly_screen", "message": "Aggregator: Merged update from source: binance", "module": "feed_aggregator", "func": "_merge", "line": 150}
{"ts": "2026-03-30T09:46:03.310532+00:00", "level": "INFO", "logger": "poly_screen", "message": "Verification Test Complete.", "module": "test_live_data", "func": "test_live_feeds", "line": 49}
{"ts": "2026-03-30T09:48:00.811870+00:00", "level": "INFO", "logger": "poly_screen", "message": "Starting Dynamic Sizing Verification...", "module": "test_dynamic_sizing", "func": "test_dynamic_sizing", "line": 12}
{"ts": "2026-03-30T09:48:00.812871+00:00", "level": "INFO", "logger": "poly_screen", "message": "Market Screener started (min_edge=1.0%)", "module": "signal_engine", "func": "start", "line": 37}
{"ts": "2026-03-30T09:48:00.814868+00:00", "level": "DEBUG", "logger": "poly_screen", "message": "Sizing DEBUG: fair=0.89 mkt=0.49 full_k=0.77 score=58.35 mult=1.50 final=5.00%", "module": "signal_engine", "func": "_emit_signal", "line": 123}
{"ts": "2026-03-30T09:48:00.815885+00:00", "level": "INFO", "logger": "poly_screen", "message": "Screener SIGNAL: BUY_YES SIZE-TES... edge=39.5% score=58.4 alloc=5.0% ($500)", "module": "signal_engine", "func": "_emit_signal", "line": 140}
{"ts": "2026-03-30T09:48:00.821880+00:00", "level": "DEBUG", "logger": "poly_screen", "message": "Sizing DEBUG: fair=0.89 mkt=0.49 full_k=0.77 score=58.35 mult=1.50 final=5.00%", "module": "signal_engine", "func": "_emit_signal", "line": 123}
{"ts": "2026-03-30T09:48:00.823879+00:00", "level": "INFO", "logger": "poly_screen", "message": "Screener SIGNAL: BUY_YES SIZE-TES... edge=39.5% score=58.4 alloc=5.0% ($500)", "module": "signal_engine", "func": "_emit_signal", "line": 140}
{"ts": "2026-03-30T09:48:00.826553+00:00", "level": "DEBUG", "logger": "poly_screen", "message": "Sizing DEBUG: fair=0.89 mkt=0.49 full_k=0.77 score=58.35 mult=1.50 final=5.00%", "module": "signal_engine", "func": "_emit_signal", "line": 123}
{"ts": "2026-03-30T09:48:00.828554+00:00", "level": "INFO", "logger": "poly_screen", "message": "Screener SIGNAL: BUY_YES SIZE-TES... edge=39.5% score=58.4 alloc=5.0% ($500)", "module": "signal_engine", "func": "_emit_signal", "line": 140}
{"ts": "2026-03-30T09:48:00.831747+00:00", "level": "DEBUG", "logger": "poly_screen", "message": "Sizing DEBUG: fair=0.89 mkt=0.49 full_k=0.77 score=58.35 mult=1.50 final=5.00%", "module": "signal_engine", "func": "_emit_signal", "line": 123}
{"ts": "2026-03-30T09:48:00.834252+00:00", "level": "INFO", "logger": "poly_screen", "message": "Screener SIGNAL: BUY_YES SIZE-TES... edge=39.5% score=58.4 alloc=5.0% ($500)", "module": "signal_engine", "func": "_emit_signal", "line": 140}
{"ts": "2026-03-30T09:48:00.837261+00:00", "level": "DEBUG", "logger": "poly_screen", "message": "Sizing DEBUG: fair=0.89 mkt=0.49 full_k=0.77 score=58.35 mult=1.50 final=5.00%", "module": "signal_engine", "func": "_emit_signal", "line": 123}
{"ts": "2026-03-30T09:48:00.841703+00:00", "level": "INFO", "logger": "poly_screen", "message": "Screener SIGNAL: BUY_YES SIZE-TES... edge=39.5% score=58.4 alloc=5.0% ($500)", "module": "signal_engine", "func": "_emit_signal", "line": 140}
{"ts": "2026-03-30T09:48:00.843705+00:00", "level": "INFO", "logger": "poly_screen", "message": "Signal 1 (Base): $500.00", "module": "test_dynamic_sizing", "func": "test_dynamic_sizing", "line": 48}
{"ts": "2026-03-30T09:48:00.845245+00:00", "level": "DEBUG", "logger": "poly_screen", "message": "Sizing DEBUG: fair=0.89 mkt=0.49 full_k=0.77 score=97.85 mult=1.50 final=5.00%", "module": "signal_engine", "func": "_emit_signal", "line": 123}
{"ts": "2026-03-30T09:48:00.846702+00:00", "level": "INFO", "logger": "poly_screen", "message": "Screener SIGNAL: BUY_YES SIZE-TES... edge=39.5% score=97.9 alloc=5.0% ($500)", "module": "signal_engine", "func": "_emit_signal", "line": 140}
{"ts": "2026-03-30T09:48:00.848734+00:00", "level": "DEBUG", "logger": "poly_screen", "message": "Sizing DEBUG: fair=0.89 mkt=0.49 full_k=0.77 score=97.85 mult=1.50 final=5.00%", "module": "signal_engine", "func": "_emit_signal", "line": 123}
{"ts": "2026-03-30T09:48:00.851135+00:00", "level": "INFO", "logger": "poly_screen", "message": "Screener SIGNAL: BUY_YES SIZE-TES... edge=39.5% score=97.9 alloc=5.0% ($500)", "module": "signal_engine", "func": "_emit_signal", "line": 140}
{"ts": "2026-03-30T09:48:00.853216+00:00", "level": "DEBUG", "logger": "poly_screen", "message": "Sizing DEBUG: fair=0.89 mkt=0.49 full_k=0.77 score=97.85 mult=1.50 final=5.00%", "module": "signal_engine", "func": "_emit_signal", "line": 123}
{"ts": "2026-03-30T09:48:00.856091+00:00", "level": "INFO", "logger": "poly_screen", "message": "Screener SIGNAL: BUY_YES SIZE-TES... edge=39.5% score=97.9 alloc=5.0% ($500)", "module": "signal_engine", "func": "_emit_signal", "line": 140}
{"ts": "2026-03-30T09:48:00.858172+00:00", "level": "DEBUG", "logger": "poly_screen", "message": "Sizing DEBUG: fair=0.89 mkt=0.49 full_k=0.77 score=97.85 mult=1.50 final=5.00%", "module": "signal_engine", "func": "_emit_signal", "line": 123}
{"ts": "2026-03-30T09:48:00.858728+00:00", "level": "INFO", "logger": "poly_screen", "message": "Screener SIGNAL: BUY_YES SIZE-TES... edge=39.5% score=97.9 alloc=5.0% ($500)", "module": "signal_engine", "func": "_emit_signal", "line": 140}
{"ts": "2026-03-30T09:48:00.861086+00:00", "level": "DEBUG", "logger": "poly_screen", "message": "Sizing DEBUG: fair=0.89 mkt=0.49 full_k=0.77 score=97.85 mult=1.50 final=5.00%", "module": "signal_engine", "func": "_emit_signal", "line": 123}
{"ts": "2026-03-30T09:48:00.862092+00:00", "level": "INFO", "logger": "poly_screen", "message": "Screener SIGNAL: BUY_YES SIZE-TES... edge=39.5% score=97.9 alloc=5.0% ($500)", "module": "signal_engine", "func": "_emit_signal", "line": 140}
{"ts": "2026-03-30T09:48:00.862092+00:00", "level": "INFO", "logger": "poly_screen", "message": "Signal 2 (Liquid): $500.00", "module": "test_dynamic_sizing", "func": "test_dynamic_sizing", "line": 70}
{"ts": "2026-03-30T09:48:01.555983+00:00", "level": "INFO", "logger": "poly_screen", "message": "Starting Live Feed Verification Test...", "module": "test_live_data", "func": "test_live_feeds", "line": 8}
{"ts": "2026-03-30T09:48:01.557673+00:00", "level": "INFO", "logger": "poly_screen", "message": "Aggregator: registered [BinanceWS]", "module": "feed_aggregator", "func": "register", "line": 55}
{"ts": "2026-03-30T09:48:01.559742+00:00", "level": "INFO", "logger": "poly_screen", "message": "Aggregator: registered [DeribitWS]", "module": "feed_aggregator", "func": "register", "line": 55}
{"ts": "2026-03-30T09:48:01.561400+00:00", "level": "INFO", "logger": "poly_screen", "message": "Waiting for connections...", "module": "test_live_data", "func": "test_live_feeds", "line": 25}
{"ts": "2026-03-30T09:48:01.564329+00:00", "level": "INFO", "logger": "poly_screen", "message": "BinanceWS: Connecting to wss://stream.binance.com:9443/ws", "module": "data_feed", "func": "connect", "line": 182}
{"ts": "2026-03-30T09:48:01.632312+00:00", "level": "INFO", "logger": "poly_screen", "message": "DeribitWS: Connecting to wss://www.deribit.com/ws/api/v2", "module": "data_feed", "func": "connect", "line": 283}
{"ts": "2026-03-30T09:48:02.131644+00:00", "level": "INFO", "logger": "poly_screen", "message": "BinanceWS: Connected", "module": "data_feed", "func": "connect", "line": 186}
{"ts": "2026-03-30T09:48:02.544609+00:00", "level": "INFO", "logger": "poly_screen", "message": "DeribitWS: Connected & Subscribed", "module": "data_feed", "func": "connect", "line": 306}
{"ts": "2026-03-30T09:48:02.778960+00:00", "level": "DEBUG", "logger": "poly_screen", "message": "DeribitWS: Received 9098", "module": "data_feed", "func": "connect", "line": 311}
{"ts": "2026-03-30T09:48:02.813297+00:00", "level": "DEBUG", "logger": "poly_screen", "message": "DeribitWS: Received 1", "module": "data_feed", "func": "connect", "line": 311}
{"ts": "2026-03-30T09:48:02.967621+00:00", "level": "DEBUG", "logger": "poly_screen", "message": "DeribitWS: Received subscription", "module": "data_feed", "func": "connect", "line": 311}
{"ts": "2026-03-30T09:48:02.973795+00:00", "level": "DEBUG", "logger": "poly_screen", "message": "Aggregator: Merged update from source: deribit", "module": "feed_aggregator", "func": "_merge", "line": 150}
{"ts": "2026-03-30T09:48:02.978443+00:00", "level": "DEBUG", "logger": "poly_screen", "message": "DeribitWS: Received subscription", "module": "data_feed", "func": "connect", "line": 311}
{"ts": "2026-03-30T09:48:02.984368+00:00", "level": "DEBUG", "logger": "poly_screen", "message": "Aggregator: Merged update from source: deribit", "module": "feed_aggregator", "func": "_merge", "line": 150}
{"ts": "2026-03-30T09:48:03.275223+00:00", "level": "DEBUG", "logger": "poly_screen", "message": "DeribitWS: Received subscription", "module": "data_feed", "func": "connect", "line": 311}
{"ts": "2026-03-30T09:48:03.276729+00:00", "level": "DEBUG", "logger": "poly_screen", "message": "Aggregator: Merged update from source: deribit", "module": "feed_aggregator", "func": "_merge", "line": 150}
{"ts": "2026-03-30T09:48:04.281574+00:00", "level": "DEBUG", "logger": "poly_screen", "message": "DeribitWS: Received subscription", "module": "data_feed", "func": "connect", "line": 311}
{"ts": "2026-03-30T09:48:04.285457+00:00", "level": "DEBUG", "logger": "poly_screen", "message": "Aggregator: Merged update from source: deribit", "module": "feed_aggregator", "func": "_merge", "line": 150}
{"ts": "2026-03-30T09:48:04.508339+00:00", "level": "DEBUG", "logger": "poly_screen", "message": "DeribitWS: Received subscription", "module": "data_feed", "func": "connect", "line": 311}
{"ts": "2026-03-30T09:48:04.512331+00:00", "level": "DEBUG", "logger": "poly_screen", "message": "Aggregator: Merged update from source: deribit", "module": "feed_aggregator", "func": "_merge", "line": 150}
{"ts": "2026-03-30T09:48:05.288986+00:00", "level": "DEBUG", "logger": "poly_screen", "message": "DeribitWS: Received subscription", "module": "data_feed", "func": "connect", "line": 311}
{"ts": "2026-03-30T09:48:05.291332+00:00", "level": "DEBUG", "logger": "poly_screen", "message": "Aggregator: Merged update from source: deribit", "module": "feed_aggregator", "func": "_merge", "line": 150}
{"ts": "2026-03-30T09:48:05.515571+00:00", "level": "DEBUG", "logger": "poly_screen", "message": "DeribitWS: Received subscription", "module": "data_feed", "func": "connect", "line": 311}
{"ts": "2026-03-30T09:48:05.516568+00:00", "level": "DEBUG", "logger": "poly_screen", "message": "Aggregator: Merged update from source: deribit", "module": "feed_aggregator", "func": "_merge", "line": 150}
{"ts": "2026-03-30T09:48:06.295299+00:00", "level": "DEBUG", "logger": "poly_screen", "message": "DeribitWS: Received subscription", "module": "data_feed", "func": "connect", "line": 311}
{"ts": "2026-03-30T09:48:06.297391+00:00", "level": "DEBUG", "logger": "poly_screen", "message": "Aggregator: Merged update from source: deribit", "module": "feed_aggregator", "func": "_merge", "line": 150}
{"ts": "2026-03-30T09:48:06.580874+00:00", "level": "INFO", "logger": "poly_screen", "message": "BinanceWS: Subscribed to ['btcusdt@kline_1m', 'ethusdt@kline_1m']", "module": "data_feed", "func": "subscribe", "line": 175}
{"ts": "2026-03-30T09:48:06.582882+00:00", "level": "INFO", "logger": "poly_screen", "message": "Monitoring feeds for 10 seconds...", "module": "test_live_data", "func": "test_live_feeds", "line": 33}
{"ts": "2026-03-30T09:48:06.584897+00:00", "level": "WARNING", "logger": "poly_screen", "message": "Screener: Fair value calc failed for BTC: unsupported operand type(s) for /: 'NoneType' and 'float'", "module": "signal_engine", "func": "_process_snapshot", "line": 70}
{"ts": "2026-03-30T09:48:06.586904+00:00", "level": "WARNING", "logger": "poly_screen", "message": "Screener: Fair value calc failed for ETH: unsupported operand type(s) for /: 'NoneType' and 'float'", "module": "signal_engine", "func": "_process_snapshot", "line": 70}
{"ts": "2026-03-30T09:48:06.587903+00:00", "level": "INFO", "logger": "poly_screen", "message": "Snapshot [BTC]: Price=None, Vol=None", "module": "test_live_data", "func": "test_live_feeds", "line": 38}
{"ts": "2026-03-30T09:48:06.589903+00:00", "level": "INFO", "logger": "poly_screen", "message": "Snapshot [ETH]: Price=None, Vol=None", "module": "test_live_data", "func": "test_live_feeds", "line": 39}
{"ts": "2026-03-30T09:48:06.591409+00:00", "level": "INFO", "logger": "poly_screen", "message": "Status: BinanceWS=True, DeribitWS=True", "module": "test_live_data", "func": "test_live_feeds", "line": 40}
{"ts": "2026-03-30T09:48:06.683930+00:00", "level": "DEBUG", "logger": "poly_screen", "message": "DeribitWS: Received subscription", "module": "data_feed", "func": "connect", "line": 311}
{"ts": "2026-03-30T09:48:06.684933+00:00", "level": "DEBUG", "logger": "poly_screen", "message": "Aggregator: Merged update from source: deribit", "module": "feed_aggregator", "func": "_merge", "line": 150}
{"ts": "2026-03-30T09:48:06.764104+00:00", "level": "DEBUG", "logger": "poly_screen", "message": "BinanceWS: Received None", "module": "data_feed", "func": "connect", "line": 192}
{"ts": "2026-03-30T09:48:06.955526+00:00", "level": "DEBUG", "logger": "poly_screen", "message": "BinanceWS: Received kline", "module": "data_feed", "func": "connect", "line": 192}
{"ts": "2026-03-30T09:48:06.957481+00:00", "level": "DEBUG", "logger": "poly_screen", "message": "Aggregator: Merged update from source: binance", "module": "feed_aggregator", "func": "_merge", "line": 150}
{"ts": "2026-03-30T09:48:06.959487+00:00", "level": "WARNING", "logger": "poly_screen", "message": "Screener: Fair value calc failed for BTC: unsupported operand type(s) for /: 'NoneType' and 'float'", "module": "signal_engine", "func": "_process_snapshot", "line": 70}
{"ts": "2026-03-30T09:48:06.960715+00:00", "level": "DEBUG", "logger": "poly_screen", "message": "BinanceWS: Received kline", "module": "data_feed", "func": "connect", "line": 192}
{"ts": "2026-03-30T09:48:06.961702+00:00", "level": "DEBUG", "logger": "poly_screen", "message": "Aggregator: Merged update from source: binance", "module": "feed_aggregator", "func": "_merge", "line": 150}
{"ts": "2026-03-30T09:48:07.304026+00:00", "level": "DEBUG", "logger": "poly_screen", "message": "DeribitWS: Received subscription", "module": "data_feed", "func": "connect", "line": 311}
{"ts": "2026-03-30T09:48:07.305531+00:00", "level": "DEBUG", "logger": "poly_screen", "message": "Aggregator: Merged update from source: deribit", "module": "feed_aggregator", "func": "_merge", "line": 150}
{"ts": "2026-03-30T09:48:07.530995+00:00", "level": "DEBUG", "logger": "poly_screen", "message": "DeribitWS: Received subscription", "module": "data_feed", "func": "connect", "line": 311}
{"ts": "2026-03-30T09:48:07.532005+00:00", "level": "DEBUG", "logger": "poly_screen", "message": "Aggregator: Merged update from source: deribit", "module": "feed_aggregator", "func": "_merge", "line": 150}
{"ts": "2026-03-30T09:48:08.311679+00:00", "level": "DEBUG", "logger": "poly_screen", "message": "DeribitWS: Received subscription", "module": "data_feed", "func": "connect", "line": 311}
{"ts": "2026-03-30T09:48:08.313699+00:00", "level": "DEBUG", "logger": "poly_screen", "message": "Aggregator: Merged update from source: deribit", "module": "feed_aggregator", "func": "_merge", "line": 150}
{"ts": "2026-03-30T09:48:08.540276+00:00", "level": "DEBUG", "logger": "poly_screen", "message": "DeribitWS: Received subscription", "module": "data_feed", "func": "connect", "line": 311}
{"ts": "2026-03-30T09:48:08.542270+00:00", "level": "DEBUG", "logger": "poly_screen", "message": "Aggregator: Merged update from source: deribit", "module": "feed_aggregator", "func": "_merge", "line": 150}
{"ts": "2026-03-30T09:48:08.945562+00:00", "level": "DEBUG", "logger": "poly_screen", "message": "BinanceWS: Received kline", "module": "data_feed", "func": "connect", "line": 192}
{"ts": "2026-03-30T09:48:08.951530+00:00", "level": "DEBUG", "logger": "poly_screen", "message": "Aggregator: Merged update from source: binance", "module": "feed_aggregator", "func": "_merge", "line": 150}
{"ts": "2026-03-30T09:48:08.963570+00:00", "level": "DEBUG", "logger": "poly_screen", "message": "BinanceWS: Received kline", "module": "data_feed", "func": "connect", "line": 192}
{"ts": "2026-03-30T09:48:08.967585+00:00", "level": "DEBUG", "logger": "poly_screen", "message": "Aggregator: Merged update from source: binance", "module": "feed_aggregator", "func": "_merge", "line": 150}
{"ts": "2026-03-30T09:48:09.317924+00:00", "level": "DEBUG", "logger": "poly_screen", "message": "DeribitWS: Received subscription", "module": "data_feed", "func": "connect", "line": 311}
{"ts": "2026-03-30T09:48:09.319918+00:00", "level": "DEBUG", "logger": "poly_screen", "message": "Aggregator: Merged update from source: deribit", "module": "feed_aggregator", "func": "_merge", "line": 150}
{"ts": "2026-03-30T09:48:09.544570+00:00", "level": "DEBUG", "logger": "poly_screen", "message": "DeribitWS: Received subscription", "module": "data_feed", "func": "connect", "line": 311}
{"ts": "2026-03-30T09:48:09.545569+00:00", "level": "DEBUG", "logger": "poly_screen", "message": "Aggregator: Merged update from source: deribit", "module": "feed_aggregator", "func": "_merge", "line": 150}
{"ts": "2026-03-30T09:48:09.605484+00:00", "level": "WARNING", "logger": "poly_screen", "message": "Screener: Fair value calc failed for BTC: unsupported operand type(s) for /: 'NoneType' and 'float'", "module": "signal_engine", "func": "_process_snapshot", "line": 70}
{"ts": "2026-03-30T09:48:09.606988+00:00", "level": "WARNING", "logger": "poly_screen", "message": "Screener: Fair value calc failed for ETH: unsupported operand type(s) for /: 'NoneType' and 'float'", "module": "signal_engine", "func": "_process_snapshot", "line": 70}
{"ts": "2026-03-30T09:48:09.609495+00:00", "level": "INFO", "logger": "poly_screen", "message": "Snapshot [BTC]: Price=None, Vol=None", "module": "test_live_data", "func": "test_live_feeds", "line": 38}
{"ts": "2026-03-30T09:48:09.611500+00:00", "level": "INFO", "logger": "poly_screen", "message": "Snapshot [ETH]: Price=None, Vol=None", "module": "test_live_data", "func": "test_live_feeds", "line": 39}
{"ts": "2026-03-30T09:48:09.614506+00:00", "level": "INFO", "logger": "poly_screen", "message": "Status: BinanceWS=True, DeribitWS=True", "module": "test_live_data", "func": "test_live_feeds", "line": 40}
{"ts": "2026-03-30T09:48:10.324426+00:00", "level": "DEBUG", "logger": "poly_screen", "message": "DeribitWS: Received subscription", "module": "data_feed", "func": "connect", "line": 311}
{"ts": "2026-03-30T09:48:10.326420+00:00", "level": "DEBUG", "logger": "poly_screen", "message": "Aggregator: Merged update from source: deribit", "module": "feed_aggregator", "func": "_merge", "line": 150}
{"ts": "2026-03-30T09:48:10.562356+00:00", "level": "DEBUG", "logger": "poly_screen", "message": "DeribitWS: Received subscription", "module": "data_feed", "func": "connect", "line": 311}
{"ts": "2026-03-30T09:48:10.564875+00:00", "level": "DEBUG", "logger": "poly_screen", "message": "Aggregator: Merged update from source: deribit", "module": "feed_aggregator", "func": "_merge", "line": 150}
{"ts": "2026-03-30T09:48:10.952798+00:00", "level": "DEBUG", "logger": "poly_screen", "message": "BinanceWS: Received kline", "module": "data_feed", "func": "connect", "line": 192}
{"ts": "2026-03-30T09:48:10.953803+00:00", "level": "DEBUG", "logger": "poly_screen", "message": "Aggregator: Merged update from source: binance", "module": "feed_aggregator", "func": "_merge", "line": 150}
{"ts": "2026-03-30T09:48:10.958078+00:00", "level": "DEBUG", "logger": "poly_screen", "message": "BinanceWS: Received kline", "module": "data_feed", "func": "connect", "line": 192}
{"ts": "2026-03-30T09:48:10.962618+00:00", "level": "DEBUG", "logger": "poly_screen", "message": "Aggregator: Merged update from source: binance", "module": "feed_aggregator", "func": "_merge", "line": 150}
{"ts": "2026-03-30T09:48:11.331510+00:00", "level": "DEBUG", "logger": "poly_screen", "message": "DeribitWS: Received subscription", "module": "data_feed", "func": "connect", "line": 311}
{"ts": "2026-03-30T09:48:11.334440+00:00", "level": "DEBUG", "logger": "poly_screen", "message": "Aggregator: Merged update from source: deribit", "module": "feed_aggregator", "func": "_merge", "line": 150}
{"ts": "2026-03-30T09:48:11.566212+00:00", "level": "DEBUG", "logger": "poly_screen", "message": "DeribitWS: Received subscription", "module": "data_feed", "func": "connect", "line": 311}
{"ts": "2026-03-30T09:48:11.568648+00:00", "level": "DEBUG", "logger": "poly_screen", "message": "Aggregator: Merged update from source: deribit", "module": "feed_aggregator", "func": "_merge", "line": 150}
{"ts": "2026-03-30T09:48:12.337791+00:00", "level": "DEBUG", "logger": "poly_screen", "message": "DeribitWS: Received subscription", "module": "data_feed", "func": "connect", "line": 311}
{"ts": "2026-03-30T09:48:12.339815+00:00", "level": "DEBUG", "logger": "poly_screen", "message": "Aggregator: Merged update from source: deribit", "module": "feed_aggregator", "func": "_merge", "line": 150}
{"ts": "2026-03-30T09:48:12.573299+00:00", "level": "DEBUG", "logger": "poly_screen", "message": "DeribitWS: Received subscription", "module": "data_feed", "func": "connect", "line": 311}
{"ts": "2026-03-30T09:48:12.574298+00:00", "level": "DEBUG", "logger": "poly_screen", "message": "Aggregator: Merged update from source: deribit", "module": "feed_aggregator", "func": "_merge", "line": 150}
{"ts": "2026-03-30T09:48:12.623254+00:00", "level": "WARNING", "logger": "poly_screen", "message": "Screener: Fair value calc failed for BTC: unsupported operand type(s) for /: 'NoneType' and 'float'", "module": "signal_engine", "func": "_process_snapshot", "line": 70}
{"ts": "2026-03-30T09:48:12.628252+00:00", "level": "WARNING", "logger": "poly_screen", "message": "Screener: Fair value calc failed for ETH: unsupported operand type(s) for /: 'NoneType' and 'float'", "module": "signal_engine", "func": "_process_snapshot", "line": 70}
{"ts": "2026-03-30T09:48:12.631937+00:00", "level": "INFO", "logger": "poly_screen", "message": "Snapshot [BTC]: Price=None, Vol=None", "module": "test_live_data", "func": "test_live_feeds", "line": 38}
{"ts": "2026-03-30T09:48:12.638290+00:00", "level": "INFO", "logger": "poly_screen", "message": "Snapshot [ETH]: Price=None, Vol=None", "module": "test_live_data", "func": "test_live_feeds", "line": 39}
{"ts": "2026-03-30T09:48:12.640305+00:00", "level": "INFO", "logger": "poly_screen", "message": "Status: BinanceWS=True, DeribitWS=True", "module": "test_live_data", "func": "test_live_feeds", "line": 40}
{"ts": "2026-03-30T09:48:12.939206+00:00", "level": "DEBUG", "logger": "poly_screen", "message": "BinanceWS: Received kline", "module": "data_feed", "func": "connect", "line": 192}
{"ts": "2026-03-30T09:48:12.941323+00:00", "level": "DEBUG", "logger": "poly_screen", "message": "Aggregator: Merged update from source: binance", "module": "feed_aggregator", "func": "_merge", "line": 150}
{"ts": "2026-03-30T09:48:12.943839+00:00", "level": "WARNING", "logger": "poly_screen", "message": "Screener: Fair value calc failed for BTC: unsupported operand type(s) for /: 'NoneType' and 'float'", "module": "signal_engine", "func": "_process_snapshot", "line": 70}
{"ts": "2026-03-30T09:48:12.946843+00:00", "level": "DEBUG", "logger": "poly_screen", "message": "BinanceWS: Received kline", "module": "data_feed", "func": "connect", "line": 192}
{"ts": "2026-03-30T09:48:12.949365+00:00", "level": "DEBUG", "logger": "poly_screen", "message": "Aggregator: Merged update from source: binance", "module": "feed_aggregator", "func": "_merge", "line": 150}
{"ts": "2026-03-30T09:48:12.952436+00:00", "level": "WARNING", "logger": "poly_screen", "message": "Screener: Fair value calc failed for ETH: unsupported operand type(s) for /: 'NoneType' and 'float'", "module": "signal_engine", "func": "_process_snapshot", "line": 70}
{"ts": "2026-03-30T09:48:13.345861+00:00", "level": "DEBUG", "logger": "poly_screen", "message": "DeribitWS: Received subscription", "module": "data_feed", "func": "connect", "line": 311}
{"ts": "2026-03-30T09:48:13.350502+00:00", "level": "DEBUG", "logger": "poly_screen", "message": "Aggregator: Merged update from source: deribit", "module": "feed_aggregator", "func": "_merge", "line": 150}
{"ts": "2026-03-30T09:48:13.579908+00:00", "level": "DEBUG", "logger": "poly_screen", "message": "DeribitWS: Received subscription", "module": "data_feed", "func": "connect", "line": 311}
{"ts": "2026-03-30T09:48:13.583494+00:00", "level": "DEBUG", "logger": "poly_screen", "message": "Aggregator: Merged update from source: deribit", "module": "feed_aggregator", "func": "_merge", "line": 150}
{"ts": "2026-03-30T09:48:14.354123+00:00", "level": "DEBUG", "logger": "poly_screen", "message": "DeribitWS: Received subscription", "module": "data_feed", "func": "connect", "line": 311}
{"ts": "2026-03-30T09:48:14.356649+00:00", "level": "DEBUG", "logger": "poly_screen", "message": "Aggregator: Merged update from source: deribit", "module": "feed_aggregator", "func": "_merge", "line": 150}
{"ts": "2026-03-30T09:48:14.979008+00:00", "level": "DEBUG", "logger": "poly_screen", "message": "BinanceWS: Received kline", "module": "data_feed", "func": "connect", "line": 192}
{"ts": "2026-03-30T09:48:14.981682+00:00", "level": "DEBUG", "logger": "poly_screen", "message": "Aggregator: Merged update from source: binance", "module": "feed_aggregator", "func": "_merge", "line": 150}
{"ts": "2026-03-30T09:48:14.985338+00:00", "level": "DEBUG", "logger": "poly_screen", "message": "BinanceWS: Received kline", "module": "data_feed", "func": "connect", "line": 192}
{"ts": "2026-03-30T09:48:14.987405+00:00", "level": "DEBUG", "logger": "poly_screen", "message": "Aggregator: Merged update from source: binance", "module": "feed_aggregator", "func": "_merge", "line": 150}
{"ts": "2026-03-30T09:48:15.360369+00:00", "level": "DEBUG", "logger": "poly_screen", "message": "DeribitWS: Received subscription", "module": "data_feed", "func": "connect", "line": 311}
{"ts": "2026-03-30T09:48:15.364397+00:00", "level": "DEBUG", "logger": "poly_screen", "message": "Aggregator: Merged update from source: deribit", "module": "feed_aggregator", "func": "_merge", "line": 150}
{"ts": "2026-03-30T09:48:15.595587+00:00", "level": "DEBUG", "logger": "poly_screen", "message": "DeribitWS: Received subscription", "module": "data_feed", "func": "connect", "line": 311}
{"ts": "2026-03-30T09:48:15.595587+00:00", "level": "DEBUG", "logger": "poly_screen", "message": "Aggregator: Merged update from source: deribit", "module": "feed_aggregator", "func": "_merge", "line": 150}
{"ts": "2026-03-30T09:48:15.653886+00:00", "level": "WARNING", "logger": "poly_screen", "message": "Screener: Fair value calc failed for BTC: unsupported operand type(s) for /: 'NoneType' and 'float'", "module": "signal_engine", "func": "_process_snapshot", "line": 70}
{"ts": "2026-03-30T09:48:15.656407+00:00", "level": "WARNING", "logger": "poly_screen", "message": "Screener: Fair value calc failed for ETH: unsupported operand type(s) for /: 'NoneType' and 'float'", "module": "signal_engine", "func": "_process_snapshot", "line": 70}
{"ts": "2026-03-30T09:48:15.659766+00:00", "level": "INFO", "logger": "poly_screen", "message": "Snapshot [BTC]: Price=None, Vol=None", "module": "test_live_data", "func": "test_live_feeds", "line": 38}
{"ts": "2026-03-30T09:48:15.662097+00:00", "level": "INFO", "logger": "poly_screen", "message": "Snapshot [ETH]: Price=None, Vol=None", "module": "test_live_data", "func": "test_live_feeds", "line": 39}
{"ts": "2026-03-30T09:48:15.664096+00:00", "level": "INFO", "logger": "poly_screen", "message": "Status: BinanceWS=True, DeribitWS=True", "module": "test_live_data", "func": "test_live_feeds", "line": 40}
{"ts": "2026-03-30T09:48:16.369213+00:00", "level": "DEBUG", "logger": "poly_screen", "message": "DeribitWS: Received subscription", "module": "data_feed", "func": "connect", "line": 311}
{"ts": "2026-03-30T09:48:16.372234+00:00", "level": "DEBUG", "logger": "poly_screen", "message": "Aggregator: Merged update from source: deribit", "module": "feed_aggregator", "func": "_merge", "line": 150}
{"ts": "2026-03-30T09:48:16.962851+00:00", "level": "DEBUG", "logger": "poly_screen", "message": "BinanceWS: Received kline", "module": "data_feed", "func": "connect", "line": 192}
{"ts": "2026-03-30T09:48:16.964857+00:00", "level": "DEBUG", "logger": "poly_screen", "message": "Aggregator: Merged update from source: binance", "module": "feed_aggregator", "func": "_merge", "line": 150}
{"ts": "2026-03-30T09:48:16.967440+00:00", "level": "DEBUG", "logger": "poly_screen", "message": "BinanceWS: Received kline", "module": "data_feed", "func": "connect", "line": 192}
{"ts": "2026-03-30T09:48:16.970530+00:00", "level": "DEBUG", "logger": "poly_screen", "message": "Aggregator: Merged update from source: binance", "module": "feed_aggregator", "func": "_merge", "line": 150}
{"ts": "2026-03-30T09:48:16.974514+00:00", "level": "WARNING", "logger": "poly_screen", "message": "Screener: Fair value calc failed for ETH: unsupported operand type(s) for /: 'NoneType' and 'float'", "module": "signal_engine", "func": "_process_snapshot", "line": 70}
{"ts": "2026-03-30T09:48:17.609543+00:00", "level": "DEBUG", "logger": "poly_screen", "message": "DeribitWS: Received subscription", "module": "data_feed", "func": "connect", "line": 311}
{"ts": "2026-03-30T09:48:17.611795+00:00", "level": "DEBUG", "logger": "poly_screen", "message": "Aggregator: Merged update from source: deribit", "module": "feed_aggregator", "func": "_merge", "line": 150}
{"ts": "2026-03-30T09:48:18.615571+00:00", "level": "DEBUG", "logger": "poly_screen", "message": "DeribitWS: Received subscription", "module": "data_feed", "func": "connect", "line": 311}
{"ts": "2026-03-30T09:48:18.619981+00:00", "level": "DEBUG", "logger": "poly_screen", "message": "Aggregator: Merged update from source: deribit", "module": "feed_aggregator", "func": "_merge", "line": 150}
{"ts": "2026-03-30T09:48:18.669759+00:00", "level": "WARNING", "logger": "poly_screen", "message": "Screener: Fair value calc failed for BTC: unsupported operand type(s) for /: 'NoneType' and 'float'", "module": "signal_engine", "func": "_process_snapshot", "line": 70}
{"ts": "2026-03-30T09:48:18.673752+00:00", "level": "WARNING", "logger": "poly_screen", "message": "Screener: Fair value calc failed for ETH: unsupported operand type(s) for /: 'NoneType' and 'float'", "module": "signal_engine", "func": "_process_snapshot", "line": 70}
{"ts": "2026-03-30T09:48:18.676757+00:00", "level": "INFO", "logger": "poly_screen", "message": "Snapshot [BTC]: Price=None, Vol=None", "module": "test_live_data", "func": "test_live_feeds", "line": 38}
{"ts": "2026-03-30T09:48:18.682988+00:00", "level": "INFO", "logger": "poly_screen", "message": "Snapshot [ETH]: Price=None, Vol=None", "module": "test_live_data", "func": "test_live_feeds", "line": 39}
{"ts": "2026-03-30T09:48:18.686355+00:00", "level": "INFO", "logger": "poly_screen", "message": "Status: BinanceWS=True, DeribitWS=True", "module": "test_live_data", "func": "test_live_feeds", "line": 40}
{"ts": "2026-03-30T09:48:18.944266+00:00", "level": "DEBUG", "logger": "poly_screen", "message": "BinanceWS: Received kline", "module": "data_feed", "func": "connect", "line": 192}
{"ts": "2026-03-30T09:48:18.945264+00:00", "level": "DEBUG", "logger": "poly_screen", "message": "Aggregator: Merged update from source: binance", "module": "feed_aggregator", "func": "_merge", "line": 150}
{"ts": "2026-03-30T09:48:18.947791+00:00", "level": "WARNING", "logger": "poly_screen", "message": "Screener: Fair value calc failed for BTC: unsupported operand type(s) for /: 'NoneType' and 'float'", "module": "signal_engine", "func": "_process_snapshot", "line": 70}
{"ts": "2026-03-30T09:48:20.628432+00:00", "level": "DEBUG", "logger": "poly_screen", "message": "DeribitWS: Received subscription", "module": "data_feed", "func": "connect", "line": 311}
{"ts": "2026-03-30T09:48:20.629945+00:00", "level": "DEBUG", "logger": "poly_screen", "message": "Aggregator: Merged update from source: deribit", "module": "feed_aggregator", "func": "_merge", "line": 150}
{"ts": "2026-03-30T09:48:20.941036+00:00", "level": "DEBUG", "logger": "poly_screen", "message": "BinanceWS: Received kline", "module": "data_feed", "func": "connect", "line": 192}
{"ts": "2026-03-30T09:48:20.943439+00:00", "level": "DEBUG", "logger": "poly_screen", "message": "Aggregator: Merged update from source: binance", "module": "feed_aggregator", "func": "_merge", "line": 150}
{"ts": "2026-03-30T09:48:20.945480+00:00", "level": "WARNING", "logger": "poly_screen", "message": "Screener: Fair value calc failed for BTC: unsupported operand type(s) for /: 'NoneType' and 'float'", "module": "signal_engine", "func": "_process_snapshot", "line": 70}
{"ts": "2026-03-30T09:48:21.401655+00:00", "level": "DEBUG", "logger": "poly_screen", "message": "DeribitWS: Received subscription", "module": "data_feed", "func": "connect", "line": 311}
{"ts": "2026-03-30T09:48:21.404739+00:00", "level": "DEBUG", "logger": "poly_screen", "message": "Aggregator: Merged update from source: deribit", "module": "feed_aggregator", "func": "_merge", "line": 150}
{"ts": "2026-03-30T09:48:21.636563+00:00", "level": "DEBUG", "logger": "poly_screen", "message": "DeribitWS: Received subscription", "module": "data_feed", "func": "connect", "line": 311}
{"ts": "2026-03-30T09:48:21.638513+00:00", "level": "DEBUG", "logger": "poly_screen", "message": "Aggregator: Merged update from source: deribit", "module": "feed_aggregator", "func": "_merge", "line": 150}
{"ts": "2026-03-30T09:48:21.697380+00:00", "level": "INFO", "logger": "poly_screen", "message": "Verification Test Complete.", "module": "test_live_data", "func": "test_live_feeds", "line": 49}
{"ts": "2026-03-30T09:48:46.315867+00:00", "level": "INFO", "logger": "poly_screen", "message": "Starting Alpha Filtering Verification...", "module": "test_alpha_signals", "func": "test_alpha_filtering", "line": 9}
{"ts": "2026-03-30T09:48:46.318388+00:00", "level": "INFO", "logger": "poly_screen", "message": "Market Screener started (min_edge=1.0%)", "module": "signal_engine", "func": "start", "line": 37}
{"ts": "2026-03-30T09:48:46.321378+00:00", "level": "INFO", "logger": "poly_screen", "message": "Screener SIGNAL: BUY_YES BTC-ALPH... edge=43.5% score=64.3 alloc=5.0% ($500)", "module": "signal_engine", "func": "_emit_signal", "line": 140}
{"ts": "2026-03-30T09:48:46.323379+00:00", "level": "INFO", "logger": "poly_screen", "message": "Screener SIGNAL: BUY_YES BTC-ALPH... edge=43.5% score=64.3 alloc=5.0% ($500)", "module": "signal_engine", "func": "_emit_signal", "line": 140}
{"ts": "2026-03-30T09:48:46.328380+00:00", "level": "INFO", "logger": "poly_screen", "message": "Screener SIGNAL: BUY_YES BTC-ALPH... edge=43.5% score=64.3 alloc=5.0% ($500)", "module": "signal_engine", "func": "_emit_signal", "line": 140}
{"ts": "2026-03-30T09:48:46.331926+00:00", "level": "INFO", "logger": "poly_screen", "message": "Screener SIGNAL: BUY_YES BTC-ALPH... edge=43.5% score=64.3 alloc=5.0% ($500)", "module": "signal_engine", "func": "_emit_signal", "line": 140}
{"ts": "2026-03-30T09:48:46.335918+00:00", "level": "INFO", "logger": "poly_screen", "message": "Screener SIGNAL: BUY_YES BTC-ALPH... edge=43.5% score=64.3 alloc=5.0% ($500)", "module": "signal_engine", "func": "_emit_signal", "line": 140}
{"ts": "2026-03-30T09:48:46.337924+00:00", "level": "INFO", "logger": "poly_screen", "message": "Screener SIGNAL: BUY_YES BTC-ALPH... edge=43.5% score=64.3 alloc=5.0% ($500)", "module": "signal_engine", "func": "_emit_signal", "line": 140}
{"ts": "2026-03-30T09:48:46.342795+00:00", "level": "INFO", "logger": "poly_screen", "message": "Screener SIGNAL: BUY_YES BTC-ALPH... edge=43.5% score=64.3 alloc=5.0% ($500)", "module": "signal_engine", "func": "_emit_signal", "line": 140}
{"ts": "2026-03-30T09:48:46.347350+00:00", "level": "INFO", "logger": "poly_screen", "message": "Screener SIGNAL: BUY_YES BTC-ALPH... edge=43.5% score=64.3 alloc=5.0% ($500)", "module": "signal_engine", "func": "_emit_signal", "line": 140}
{"ts": "2026-03-30T09:48:46.349861+00:00", "level": "INFO", "logger": "poly_screen", "message": "Screener SIGNAL: BUY_YES BTC-ALPH... edge=43.5% score=64.3 alloc=5.0% ($500)", "module": "signal_engine", "func": "_emit_signal", "line": 140}
{"ts": "2026-03-30T09:48:46.352380+00:00", "level": "INFO", "logger": "poly_screen", "message": "Screener SIGNAL: BUY_YES BTC-ALPH... edge=43.5% score=64.3 alloc=5.0% ($500)", "module": "signal_engine", "func": "_emit_signal", "line": 140}
{"ts": "2026-03-30T09:48:46.354900+00:00", "level": "INFO", "logger": "poly_screen", "message": "Screener SIGNAL: BUY_YES BTC-ALPH... edge=43.5% score=64.3 alloc=5.0% ($500)", "module": "signal_engine", "func": "_emit_signal", "line": 140}
{"ts": "2026-03-30T09:48:46.360948+00:00", "level": "INFO", "logger": "poly_screen", "message": "Screener SIGNAL: BUY_YES BTC-ALPH... edge=43.5% score=64.3 alloc=5.0% ($500)", "module": "signal_engine", "func": "_emit_signal", "line": 140}
{"ts": "2026-03-30T09:48:46.466796+00:00", "level": "INFO", "logger": "poly_screen", "message": "[OK] Balanced case produced signal.", "module": "test_alpha_signals", "func": "test_alpha_filtering", "line": 37}
{"ts": "2026-03-30T09:48:46.578892+00:00", "level": "INFO", "logger": "poly_screen", "message": "[OK] Imbalance filter suppressed signal.", "module": "test_alpha_signals", "func": "test_alpha_filtering", "line": 53}
{"ts": "2026-03-30T09:48:46.583439+00:00", "level": "INFO", "logger": "poly_screen", "message": "Screener SIGNAL: BUY_YES BTC-ALPH... edge=43.5% score=64.3 alloc=5.0% ($500)", "module": "signal_engine", "func": "_emit_signal", "line": 140}
{"ts": "2026-03-30T09:48:46.590960+00:00", "level": "INFO", "logger": "poly_screen", "message": "Screener SIGNAL: BUY_YES BTC-ALPH... edge=43.5% score=64.3 alloc=5.0% ($500)", "module": "signal_engine", "func": "_emit_signal", "line": 140}
{"ts": "2026-03-30T09:48:46.595874+00:00", "level": "INFO", "logger": "poly_screen", "message": "Screener SIGNAL: BUY_YES BTC-ALPH... edge=43.5% score=64.3 alloc=5.0% ($500)", "module": "signal_engine", "func": "_emit_signal", "line": 140}
{"ts": "2026-03-30T09:48:46.600934+00:00", "level": "INFO", "logger": "poly_screen", "message": "Screener SIGNAL: BUY_YES BTC-ALPH... edge=43.5% score=64.3 alloc=5.0% ($500)", "module": "signal_engine", "func": "_emit_signal", "line": 140}
{"ts": "2026-03-30T09:48:46.603932+00:00", "level": "INFO", "logger": "poly_screen", "message": "Screener SIGNAL: BUY_YES BTC-ALPH... edge=43.5% score=64.3 alloc=5.0% ($500)", "module": "signal_engine", "func": "_emit_signal", "line": 140}
{"ts": "2026-03-30T09:48:46.605443+00:00", "level": "INFO", "logger": "poly_screen", "message": "Screener SIGNAL: BUY_YES BTC-ALPH... edge=43.5% score=64.3 alloc=5.0% ($500)", "module": "signal_engine", "func": "_emit_signal", "line": 140}
{"ts": "2026-03-30T09:48:46.608288+00:00", "level": "INFO", "logger": "poly_screen", "message": "Screener SIGNAL: BUY_YES BTC-ALPH... edge=43.5% score=64.3 alloc=5.0% ($500)", "module": "signal_engine", "func": "_emit_signal", "line": 140}
{"ts": "2026-03-30T09:48:46.611828+00:00", "level": "INFO", "logger": "poly_screen", "message": "Screener SIGNAL: BUY_YES BTC-ALPH... edge=43.5% score=64.3 alloc=5.0% ($500)", "module": "signal_engine", "func": "_emit_signal", "line": 140}
{"ts": "2026-03-30T09:48:46.614831+00:00", "level": "INFO", "logger": "poly_screen", "message": "Screener SIGNAL: BUY_YES BTC-ALPH... edge=43.5% score=64.3 alloc=5.0% ($500)", "module": "signal_engine", "func": "_emit_signal", "line": 140}
{"ts": "2026-03-30T09:48:46.617844+00:00", "level": "INFO", "logger": "poly_screen", "message": "Screener SIGNAL: BUY_YES BTC-ALPH... edge=43.5% score=64.3 alloc=5.0% ($500)", "module": "signal_engine", "func": "_emit_signal", "line": 140}
{"ts": "2026-03-30T09:48:46.619839+00:00", "level": "INFO", "logger": "poly_screen", "message": "Screener SIGNAL: BUY_YES BTC-ALPH... edge=43.5% score=64.3 alloc=5.0% ($500)", "module": "signal_engine", "func": "_emit_signal", "line": 140}
{"ts": "2026-03-30T09:48:46.623950+00:00", "level": "INFO", "logger": "poly_screen", "message": "Screener SIGNAL: BUY_YES BTC-ALPH... edge=43.5% score=64.3 alloc=5.0% ($500)", "module": "signal_engine", "func": "_emit_signal", "line": 140}
{"ts": "2026-03-30T09:48:46.731863+00:00", "level": "INFO", "logger": "poly_screen", "message": "Alpha Verification Complete.", "module": "test_alpha_signals", "func": "test_alpha_filtering", "line": 75}
{"ts": "2026-03-30T09:48:46.743414+00:00", "level": "INFO", "logger": "poly_screen", "message": "Starting Live Feed Verification Test...", "module": "test_live_data", "func": "test_live_feeds", "line": 8}
{"ts": "2026-03-30T09:48:46.745505+00:00", "level": "INFO", "logger": "poly_screen", "message": "Aggregator: registered [BinanceWS]", "module": "feed_aggregator", "func": "register", "line": 55}
{"ts": "2026-03-30T09:48:46.747961+00:00", "level": "INFO", "logger": "poly_screen", "message": "Aggregator: registered [DeribitWS]", "module": "feed_aggregator", "func": "register", "line": 55}
{"ts": "2026-03-30T09:48:46.747961+00:00", "level": "INFO", "logger": "poly_screen", "message": "Waiting for connections...", "module": "test_live_data", "func": "test_live_feeds", "line": 25}
{"ts": "2026-03-30T09:48:46.749569+00:00", "level": "INFO", "logger": "poly_screen", "message": "BinanceWS: Connecting to wss://stream.binance.com:9443/ws", "module": "data_feed", "func": "connect", "line": 182}
{"ts": "2026-03-30T09:48:46.893266+00:00", "level": "INFO", "logger": "poly_screen", "message": "DeribitWS: Connecting to wss://www.deribit.com/ws/api/v2", "module": "data_feed", "func": "connect", "line": 283}
{"ts": "2026-03-30T09:48:47.499650+00:00", "level": "INFO", "logger": "poly_screen", "message": "BinanceWS: Connected", "module": "data_feed", "func": "connect", "line": 186}
{"ts": "2026-03-30T09:48:47.897070+00:00", "level": "INFO", "logger": "poly_screen", "message": "DeribitWS: Connected & Subscribed", "module": "data_feed", "func": "connect", "line": 306}
{"ts": "2026-03-30T09:48:51.773546+00:00", "level": "INFO", "logger": "poly_screen", "message": "BinanceWS: Subscribed to ['btcusdt@kline_1m', 'ethusdt@kline_1m']", "module": "data_feed", "func": "subscribe", "line": 175}
{"ts": "2026-03-30T09:48:51.776167+00:00", "level": "INFO", "logger": "poly_screen", "message": "Monitoring feeds for 10 seconds...", "module": "test_live_data", "func": "test_live_feeds", "line": 33}
{"ts": "2026-03-30T09:48:51.781718+00:00", "level": "WARNING", "logger": "poly_screen", "message": "Screener: Fair value calc failed for BTC: unsupported operand type(s) for /: 'NoneType' and 'float'", "module": "signal_engine", "func": "_process_snapshot", "line": 70}
{"ts": "2026-03-30T09:48:51.783706+00:00", "level": "WARNING", "logger": "poly_screen", "message": "Screener: Fair value calc failed for ETH: unsupported operand type(s) for /: 'NoneType' and 'float'", "module": "signal_engine", "func": "_process_snapshot", "line": 70}
{"ts": "2026-03-30T09:48:51.785275+00:00", "level": "INFO", "logger": "poly_screen", "message": "Snapshot [BTC]: Price=None, Vol=None", "module": "test_live_data", "func": "test_live_feeds", "line": 38}
{"ts": "2026-03-30T09:48:51.786612+00:00", "level": "INFO", "logger": "poly_screen", "message": "Snapshot [ETH]: Price=None, Vol=None", "module": "test_live_data", "func": "test_live_feeds", "line": 39}
{"ts": "2026-03-30T09:48:51.788631+00:00", "level": "INFO", "logger": "poly_screen", "message": "Status: BinanceWS=True, DeribitWS=True", "module": "test_live_data", "func": "test_live_feeds", "line": 40}
{"ts": "2026-03-30T09:48:54.792965+00:00", "level": "WARNING", "logger": "poly_screen", "message": "Screener: Fair value calc failed for BTC: unsupported operand type(s) for /: 'NoneType' and 'float'", "module": "signal_engine", "func": "_process_snapshot", "line": 70}
{"ts": "2026-03-30T09:48:54.798536+00:00", "level": "WARNING", "logger": "poly_screen", "message": "Screener: Fair value calc failed for ETH: unsupported operand type(s) for /: 'NoneType' and 'float'", "module": "signal_engine", "func": "_process_snapshot", "line": 70}
{"ts": "2026-03-30T09:48:54.803091+00:00", "level": "INFO", "logger": "poly_screen", "message": "Snapshot [BTC]: Price=None, Vol=None", "module": "test_live_data", "func": "test_live_feeds", "line": 38}
{"ts": "2026-03-30T09:48:54.808063+00:00", "level": "INFO", "logger": "poly_screen", "message": "Snapshot [ETH]: Price=None, Vol=None", "module": "test_live_data", "func": "test_live_feeds", "line": 39}
{"ts": "2026-03-30T09:48:54.812610+00:00", "level": "INFO", "logger": "poly_screen", "message": "Status: BinanceWS=True, DeribitWS=True", "module": "test_live_data", "func": "test_live_feeds", "line": 40}
{"ts": "2026-03-30T09:48:54.937052+00:00", "level": "WARNING", "logger": "poly_screen", "message": "Screener: Fair value calc failed for BTC: unsupported operand type(s) for /: 'NoneType' and 'float'", "module": "signal_engine", "func": "_process_snapshot", "line": 70}
{"ts": "2026-03-30T09:48:57.831458+00:00", "level": "WARNING", "logger": "poly_screen", "message": "Screener: Fair value calc failed for BTC: unsupported operand type(s) for /: 'NoneType' and 'float'", "module": "signal_engine", "func": "_process_snapshot", "line": 70}
{"ts": "2026-03-30T09:48:57.832447+00:00", "level": "WARNING", "logger": "poly_screen", "message": "Screener: Fair value calc failed for ETH: unsupported operand type(s) for /: 'NoneType' and 'float'", "module": "signal_engine", "func": "_process_snapshot", "line": 70}
{"ts": "2026-03-30T09:48:57.833988+00:00", "level": "INFO", "logger": "poly_screen", "message": "Snapshot [BTC]: Price=None, Vol=None", "module": "test_live_data", "func": "test_live_feeds", "line": 38}
{"ts": "2026-03-30T09:48:57.835037+00:00", "level": "INFO", "logger": "poly_screen", "message": "Snapshot [ETH]: Price=None, Vol=None", "module": "test_live_data", "func": "test_live_feeds", "line": 39}
{"ts": "2026-03-30T09:48:57.835579+00:00", "level": "INFO", "logger": "poly_screen", "message": "Status: BinanceWS=True, DeribitWS=True", "module": "test_live_data", "func": "test_live_feeds", "line": 40}
{"ts": "2026-03-30T09:48:58.945687+00:00", "level": "WARNING", "logger": "poly_screen", "message": "Screener: Fair value calc failed for BTC: unsupported operand type(s) for /: 'NoneType' and 'float'", "module": "signal_engine", "func": "_process_snapshot", "line": 70}
{"ts": "2026-03-30T09:49:00.857011+00:00", "level": "WARNING", "logger": "poly_screen", "message": "Screener: Fair value calc failed for BTC: unsupported operand type(s) for /: 'NoneType' and 'float'", "module": "signal_engine", "func": "_process_snapshot", "line": 70}
{"ts": "2026-03-30T09:49:00.862381+00:00", "level": "WARNING", "logger": "poly_screen", "message": "Screener: Fair value calc failed for ETH: unsupported operand type(s) for /: 'NoneType' and 'float'", "module": "signal_engine", "func": "_process_snapshot", "line": 70}
{"ts": "2026-03-30T09:49:00.867499+00:00", "level": "INFO", "logger": "poly_screen", "message": "Snapshot [BTC]: Price=None, Vol=None", "module": "test_live_data", "func": "test_live_feeds", "line": 38}
{"ts": "2026-03-30T09:49:00.871490+00:00", "level": "INFO", "logger": "poly_screen", "message": "Snapshot [ETH]: Price=None, Vol=None", "module": "test_live_data", "func": "test_live_feeds", "line": 39}
{"ts": "2026-03-30T09:49:00.875496+00:00", "level": "INFO", "logger": "poly_screen", "message": "Status: BinanceWS=True, DeribitWS=True", "module": "test_live_data", "func": "test_live_feeds", "line": 40}
{"ts": "2026-03-30T09:49:00.948460+00:00", "level": "WARNING", "logger": "poly_screen", "message": "Screener: Fair value calc failed for BTC: unsupported operand type(s) for /: 'NoneType' and 'float'", "module": "signal_engine", "func": "_process_snapshot", "line": 70}
{"ts": "2026-03-30T09:49:03.891031+00:00", "level": "WARNING", "logger": "poly_screen", "message": "Screener: Fair value calc failed for BTC: unsupported operand type(s) for /: 'NoneType' and 'float'", "module": "signal_engine", "func": "_process_snapshot", "line": 70}
{"ts": "2026-03-30T09:49:03.895789+00:00", "level": "WARNING", "logger": "poly_screen", "message": "Screener: Fair value calc failed for ETH: unsupported operand type(s) for /: 'NoneType' and 'float'", "module": "signal_engine", "func": "_process_snapshot", "line": 70}
{"ts": "2026-03-30T09:49:03.899320+00:00", "level": "INFO", "logger": "poly_screen", "message": "Snapshot [BTC]: Price=None, Vol=None", "module": "test_live_data", "func": "test_live_feeds", "line": 38}
{"ts": "2026-03-30T09:49:03.901825+00:00", "level": "INFO", "logger": "poly_screen", "message": "Snapshot [ETH]: Price=None, Vol=None", "module": "test_live_data", "func": "test_live_feeds", "line": 39}
{"ts": "2026-03-30T09:49:03.903825+00:00", "level": "INFO", "logger": "poly_screen", "message": "Status: BinanceWS=True, DeribitWS=True", "module": "test_live_data", "func": "test_live_feeds", "line": 40}
{"ts": "2026-03-30T09:49:06.914488+00:00", "level": "INFO", "logger": "poly_screen", "message": "Verification Test Complete.", "module": "test_live_data", "func": "test_live_feeds", "line": 49}
{"ts": "2026-03-30T09:49:06.926023+00:00", "level": "INFO", "logger": "poly_screen", "message": "Starting Live Reconciliation Verification Test...", "module": "test_reconciliation_live", "func": "test_live_reconciliation", "line": 10}
{"ts": "2026-03-30T09:49:06.937759+00:00", "level": "CRITICAL", "logger": "poly_screen", "message": "RECONCILIATION DRIFT: PHANTOM \u2014 market=ETH-456, detail=Position on exchange but not tracked internally: {'size_usd': 50.0, 'side': 'SELL'}", "module": "reconciliation", "func": "check_once", "line": 108}
{"ts": "2026-03-30T09:49:06.941273+00:00", "level": "CRITICAL", "logger": "poly_screen", "message": "RECONCILIATION DRIFT: SIZE \u2014 market=BTC-123, detail=Size mismatch: exchange=$100.50 vs internal=$90.00 (drift=10.45%)", "module": "reconciliation", "func": "check_once", "line": 108}
{"ts": "2026-03-30T09:49:06.943289+00:00", "level": "INFO", "logger": "poly_screen", "message": "Reconciliation Report: DRIFT_DETECTED", "module": "test_reconciliation_live", "func": "test_live_reconciliation", "line": 42}
{"ts": "2026-03-30T09:49:06.948431+00:00", "level": "INFO", "logger": "poly_screen", "message": "Drifts Found: 2", "module": "test_reconciliation_live", "func": "test_live_reconciliation", "line": 43}
{"ts": "2026-03-30T09:49:06.952369+00:00", "level": "INFO", "logger": "poly_screen", "message": "Drift Detected: PHANTOM on ETH-456 - Position on exchange but not tracked internally: {'size_usd': 50.0, 'side': 'SELL'}", "module": "test_reconciliation_live", "func": "test_live_reconciliation", "line": 46}
{"ts": "2026-03-30T09:49:06.954373+00:00", "level": "INFO", "logger": "poly_screen", "message": "Drift Detected: SIZE on BTC-123 - Size mismatch: exchange=$100.50 vs internal=$90.00 (drift=10.45%)", "module": "test_reconciliation_live", "func": "test_live_reconciliation", "line": 46}
{"ts": "2026-03-30T09:49:06.954373+00:00", "level": "INFO", "logger": "poly_screen", "message": "Verification Test Complete.", "module": "test_reconciliation_live", "func": "test_live_reconciliation", "line": 49}
{"ts": "2026-03-30T09:49:06.972624+00:00", "level": "INFO", "logger": "poly_screen", "message": "WebSocket client connected. Total clients: 1", "module": "ws_bridge", "func": "connect", "line": 20}
{"ts": "2026-03-30T09:49:06.976627+00:00", "level": "INFO", "logger": "poly_screen", "message": "WebSocket client disconnected. Total clients: 0", "module": "ws_bridge", "func": "disconnect", "line": 25}
{"ts": "2026-03-30T09:49:06.987677+00:00", "level": "INFO", "logger": "poly_screen", "message": "WebSocket client connected. Total clients: 1", "module": "ws_bridge", "func": "connect", "line": 20}
{"ts": "2026-03-30T09:49:06.991193+00:00", "level": "INFO", "logger": "poly_screen", "message": "UI requested deep observation on market: MKT-123", "module": "ws_bridge", "func": "websocket_endpoint", "line": 73}
{"ts": "2026-03-30T09:49:07.509828+00:00", "level": "INFO", "logger": "poly_screen", "message": "WebSocket client disconnected. Total clients: 0", "module": "ws_bridge", "func": "disconnect", "line": 25}
{"ts": "2026-03-30T09:56:14.099550+00:00", "level": "INFO", "logger": "poly_screen", "message": "Starting Dynamic Sizing Verification...", "module": "test_dynamic_sizing", "func": "test_dynamic_sizing", "line": 12}
{"ts": "2026-03-30T09:56:14.101015+00:00", "level": "INFO", "logger": "poly_screen", "message": "Market Screener started (min_edge=1.0%)", "module": "signal_engine", "func": "start", "line": 37}
{"ts": "2026-03-30T09:56:14.101983+00:00", "level": "DEBUG", "logger": "poly_screen", "message": "Sizing DEBUG: fair=0.89 mkt=0.49 full_k=0.77 score=58.35 mult=1.50 final=5.00%", "module": "signal_engine", "func": "_emit_signal", "line": 123}
{"ts": "2026-03-30T09:56:14.102989+00:00", "level": "INFO", "logger": "poly_screen", "message": "Screener SIGNAL: BUY_YES SIZE-TES... edge=39.5% score=58.4 alloc=5.0% ($500)", "module": "signal_engine", "func": "_emit_signal", "line": 140}
{"ts": "2026-03-30T09:56:14.103989+00:00", "level": "DEBUG", "logger": "poly_screen", "message": "Sizing DEBUG: fair=0.89 mkt=0.49 full_k=0.77 score=58.35 mult=1.50 final=5.00%", "module": "signal_engine", "func": "_emit_signal", "line": 123}
{"ts": "2026-03-30T09:56:14.105493+00:00", "level": "INFO", "logger": "poly_screen", "message": "Screener SIGNAL: BUY_YES SIZE-TES... edge=39.5% score=58.4 alloc=5.0% ($500)", "module": "signal_engine", "func": "_emit_signal", "line": 140}
{"ts": "2026-03-30T09:56:14.106500+00:00", "level": "DEBUG", "logger": "poly_screen", "message": "Sizing DEBUG: fair=0.89 mkt=0.49 full_k=0.77 score=58.35 mult=1.50 final=5.00%", "module": "signal_engine", "func": "_emit_signal", "line": 123}
{"ts": "2026-03-30T09:56:14.107680+00:00", "level": "INFO", "logger": "poly_screen", "message": "Screener SIGNAL: BUY_YES SIZE-TES... edge=39.5% score=58.4 alloc=5.0% ($500)", "module": "signal_engine", "func": "_emit_signal", "line": 140}
{"ts": "2026-03-30T09:56:14.108699+00:00", "level": "DEBUG", "logger": "poly_screen", "message": "Sizing DEBUG: fair=0.89 mkt=0.49 full_k=0.77 score=58.35 mult=1.50 final=5.00%", "module": "signal_engine", "func": "_emit_signal", "line": 123}
{"ts": "2026-03-30T09:56:14.108699+00:00", "level": "INFO", "logger": "poly_screen", "message": "Screener SIGNAL: BUY_YES SIZE-TES... edge=39.5% score=58.4 alloc=5.0% ($500)", "module": "signal_engine", "func": "_emit_signal", "line": 140}
{"ts": "2026-03-30T09:56:14.109686+00:00", "level": "DEBUG", "logger": "poly_screen", "message": "Sizing DEBUG: fair=0.89 mkt=0.49 full_k=0.77 score=58.35 mult=1.50 final=5.00%", "module": "signal_engine", "func": "_emit_signal", "line": 123}
{"ts": "2026-03-30T09:56:14.111545+00:00", "level": "INFO", "logger": "poly_screen", "message": "Screener SIGNAL: BUY_YES SIZE-TES... edge=39.5% score=58.4 alloc=5.0% ($500)", "module": "signal_engine", "func": "_emit_signal", "line": 140}
{"ts": "2026-03-30T09:56:14.112557+00:00", "level": "INFO", "logger": "poly_screen", "message": "Signal 1 (Base): $500.00", "module": "test_dynamic_sizing", "func": "test_dynamic_sizing", "line": 48}
{"ts": "2026-03-30T09:56:14.115061+00:00", "level": "DEBUG", "logger": "poly_screen", "message": "Sizing DEBUG: fair=0.89 mkt=0.49 full_k=0.77 score=97.85 mult=1.50 final=5.00%", "module": "signal_engine", "func": "_emit_signal", "line": 123}
{"ts": "2026-03-30T09:56:14.118071+00:00", "level": "INFO", "logger": "poly_screen", "message": "Screener SIGNAL: BUY_YES SIZE-TES... edge=39.5% score=97.9 alloc=5.0% ($500)", "module": "signal_engine", "func": "_emit_signal", "line": 140}
{"ts": "2026-03-30T09:56:14.119064+00:00", "level": "DEBUG", "logger": "poly_screen", "message": "Sizing DEBUG: fair=0.89 mkt=0.49 full_k=0.77 score=97.85 mult=1.50 final=5.00%", "module": "signal_engine", "func": "_emit_signal", "line": 123}
{"ts": "2026-03-30T09:56:14.120072+00:00", "level": "INFO", "logger": "poly_screen", "message": "Screener SIGNAL: BUY_YES SIZE-TES... edge=39.5% score=97.9 alloc=5.0% ($500)", "module": "signal_engine", "func": "_emit_signal", "line": 140}
{"ts": "2026-03-30T09:56:14.122286+00:00", "level": "DEBUG", "logger": "poly_screen", "message": "Sizing DEBUG: fair=0.89 mkt=0.49 full_k=0.77 score=97.85 mult=1.50 final=5.00%", "module": "signal_engine", "func": "_emit_signal", "line": 123}
{"ts": "2026-03-30T09:56:14.123401+00:00", "level": "INFO", "logger": "poly_screen", "message": "Screener SIGNAL: BUY_YES SIZE-TES... edge=39.5% score=97.9 alloc=5.0% ($500)", "module": "signal_engine", "func": "_emit_signal", "line": 140}
{"ts": "2026-03-30T09:56:14.124977+00:00", "level": "DEBUG", "logger": "poly_screen", "message": "Sizing DEBUG: fair=0.89 mkt=0.49 full_k=0.77 score=97.85 mult=1.50 final=5.00%", "module": "signal_engine", "func": "_emit_signal", "line": 123}
{"ts": "2026-03-30T09:56:14.126076+00:00", "level": "INFO", "logger": "poly_screen", "message": "Screener SIGNAL: BUY_YES SIZE-TES... edge=39.5% score=97.9 alloc=5.0% ($500)", "module": "signal_engine", "func": "_emit_signal", "line": 140}
{"ts": "2026-03-30T09:56:14.130866+00:00", "level": "DEBUG", "logger": "poly_screen", "message": "Sizing DEBUG: fair=0.89 mkt=0.49 full_k=0.77 score=97.85 mult=1.50 final=5.00%", "module": "signal_engine", "func": "_emit_signal", "line": 123}
{"ts": "2026-03-30T09:56:14.130866+00:00", "level": "INFO", "logger": "poly_screen", "message": "Screener SIGNAL: BUY_YES SIZE-TES... edge=39.5% score=97.9 alloc=5.0% ($500)", "module": "signal_engine", "func": "_emit_signal", "line": 140}
{"ts": "2026-03-30T09:56:14.131914+00:00", "level": "INFO", "logger": "poly_screen", "message": "Signal 2 (Liquid): $500.00", "module": "test_dynamic_sizing", "func": "test_dynamic_sizing", "line": 70}
